# This file uses centimeters as units for non-parametric coordinates.

g default
v 0.000000 -3.406404 5.979507
v 0.000000 -1.126865 7.475604
v 0.000000 -2.089024 6.058267
v -0.463928 0.955357 6.633583
v 0.000000 -0.463170 7.586580
v 0.000000 0.365669 7.242870
v 0.000000 2.473255 5.788627
v -4.253081 2.577646 3.279702
v 0.000000 4.019042 5.284764
g topoSymmetrySet
v 0.000000 4.885979 5.385258
g default
v 0.000000 8.261778 4.481535
v 0.000000 -3.706811 5.864924
v 0.000000 -3.918301 5.569430
v 0.000000 -3.994436 5.219482
v 0.000000 -4.542400 5.404754
v 0.000000 -4.745577 5.529457
v 0.000000 -5.019567 5.601448
v 0.000000 -5.365123 5.535441
v 0.000000 -6.149624 5.071372
v 0.000000 -1.501095 7.112196
v -0.416106 -1.466449 6.447657
v -7.087960 5.434801 0.099620
v -2.628639 2.035898 3.848121
v -3.198363 1.985815 3.796952
v -3.775151 2.039402 3.646194
v -4.465819 2.422950 3.155168
v -2.164289 2.189867 3.851822
v -3.208229 3.223926 4.115822
v -2.673803 3.205337 4.092203
v -3.745193 3.165286 3.972409
v -4.161018 3.059069 3.719554
v -5.062006 1.934418 2.776093
v -2.266659 -7.425768 4.389812
v -4.445859 2.663991 3.173422
v -7.214530 2.263009 0.073150
v -5.799793 2.349546 2.204059
v -2.844939 -0.720868 4.433130
v -0.711452 -3.329355 5.877044
v -0.606033 -3.924562 5.444923
v -1.431615 -3.500953 5.496189
v -1.914910 -3.803146 5.028930
v -1.131043 -3.973937 5.189648
v -1.563548 -4.082763 4.842263
v -2.650112 -5.003649 4.188483
v -0.427049 -1.094134 7.360529
v -0.496396 -0.475659 7.440358
v -5.253307 3.881582 3.363159
v -1.718698 0.974609 4.558359
v -1.608635 -0.942516 5.814193
v -1.651267 -0.610868 5.581319
v -4.765501 -0.701554 3.534632
v -0.478306 0.295766 7.101013
v -3.734964 4.508230 4.550454
v -4.588603 4.302037 4.048484
v -6.279331 6.615427 1.425850
v -1.220941 4.142165 5.106035
v -2.193489 3.100317 4.000575
v -3.102642 -4.352984 4.095905
v -6.719682 -4.788645 -1.745401
v -1.193824 -1.306795 5.737747
v -0.729766 -1.593712 5.833208
v -2.456206 -4.342621 4.283884
v -2.204823 -4.304508 4.162499
v -4.985894 4.802461 3.751977
v -1.592294 -1.257709 5.456949
v -2.644548 4.524654 4.921559
v -2.760292 5.100971 5.015990
v -3.523964 8.005976 3.729163
v -5.599763 5.715470 2.724259
v -3.063932 6.566144 4.529981
v -5.720968 4.254584 2.830852
v -6.374393 4.785590 1.591691
v -0.672728 -3.688016 5.737804
v -1.262560 -3.787691 5.417779
v -1.732553 -3.952767 5.000579
v -1.043625 -1.464973 5.662455
v -2.321234 -4.329069 4.258156
v -2.056846 -4.477671 4.520883
v -2.153084 -4.276322 4.038093
v -0.946874 -1.035249 6.512274
v -1.469132 -4.036351 4.604908
v -1.024340 -3.989851 4.926693
v -0.533422 -3.993222 5.138202
v -0.769720 -6.095394 4.985883
v -0.699606 -5.291850 5.448304
v -0.669687 -4.949770 5.509612
v -0.630947 -4.695101 5.449371
v -0.583218 -4.517982 5.339869
v -1.537170 -4.423206 4.745470
v -1.615600 -4.475942 4.813632
v -1.729053 -4.618680 4.854463
v -1.838624 -4.828746 4.823737
v -2.368250 -3.106237 4.868096
v -7.542244 -1.049282 -2.431321
v 0.000000 -1.724003 6.601390
v -1.826614 -4.399531 4.399021
v -1.929558 -4.411831 4.497052
v -0.597442 -2.013686 5.866456
v -1.405627 -1.714196 5.241087
v -0.662449 -1.819321 5.863759
v -2.342340 0.572222 4.294303
v -3.327324 0.104863 4.113860
v -1.726175 -0.919165 5.273355
v -5.133204 7.485602 2.660442
v -4.538641 6.319907 3.683424
v -3.986562 5.109487 4.466315
v -2.169681 -5.440433 4.455874
v -1.395634 5.011963 5.316032
v -1.619500 6.599217 4.921106
v -1.891399 8.236377 4.274997
v -4.195832 2.235205 3.375099
v -5.733342 1.411738 2.431726
v -1.859887 2.355757 3.843181
v -4.988612 3.074654 3.083858
v -1.303263 1.416453 4.831091
v -1.305757 -0.672779 6.415959
v -6.465170 0.937119 1.689873
v -5.258659 0.945811 2.974312
v -4.432338 0.722096 3.522615
v -3.300681 0.861641 3.872784
v -2.430178 1.131492 4.039035
v -1.820731 1.467954 4.224124
v -0.563221 2.307693 5.566789
v -6.338145 -0.529279 1.881175
v -5.587698 3.208071 2.687839
v -0.242624 -1.462857 7.071491
v -1.611251 0.339326 4.895421
v -7.743095 2.364999 -2.005167
v -1.391142 1.851048 4.448999
v -1.785794 -0.978284 4.850470
v -4.670959 2.664461 3.084075
v -1.333970 -0.283761 6.097047
v -7.270895 -2.890917 -2.252455
v -1.856432 2.585245 3.757904
v -0.923388 0.073076 6.671944
v -5.000589 -6.135128 1.892523
v -5.085276 -7.178590 0.714711
v -7.159291 -0.811820 -0.072044
v -5.843051 -5.248023 0.924091
v -6.847258 3.662916 0.724695
v -2.412942 -8.258853 4.119213
v -0.179909 -1.689864 6.573301
v -2.103655 -0.163946 4.566119
v -6.407571 2.236021 1.560843
v -3.670075 2.360153 3.635230
v -3.177186 2.294265 3.775704
v -2.196121 -4.598322 4.479786
v -6.234883 -1.944430 1.663542
v -1.292924 -9.295920 4.094063
v -3.210651 -8.533278 2.802001
v -4.068926 -7.993109 1.925119
g topoSymmetrySet
v 0.000000 6.545390 5.027311
g default
v 0.000000 -9.403378 4.264492
v -2.724032 2.315802 3.777151
v -2.288460 2.398891 3.697603
v -1.998311 2.496547 3.689148
v -6.130040 3.399261 2.038516
v -2.288460 2.886504 3.775031
v -2.724032 2.961810 3.871767
v -3.177186 2.964136 3.876973
v -3.670075 2.927714 3.724325
v -4.018389 2.857357 3.482983
v -7.555811 4.106811 -0.991917
v -4.018389 2.483695 3.440898
v 0.000000 -2.521945 5.932265
v -1.776217 -2.683946 5.213116
v -1.222237 -1.182444 5.952465
v -0.731493 -2.536683 5.815343
v 0.000000 3.271027 5.236015
v -4.135272 -6.996638 2.671970
v -3.311811 -7.660815 3.382963
v -1.313701 -8.639995 4.702456
v -5.940524 -6.223629 -0.631468
v -1.998311 2.743838 3.744030
v -0.901447 1.236992 5.754256
v 0.000000 -8.765243 4.891441
v -2.308977 -8.974196 3.609070
v -6.954154 -2.439843 -0.131163
v -1.098819 -4.458788 5.120727
v -1.181124 -4.579996 5.189564
v -1.255818 -4.787901 5.237051
v -1.325085 -5.106507 5.205010
v -1.546388 -5.819392 4.757893
v -1.953754 -4.183892 4.431713
v -2.117802 -4.137093 4.555096
v -2.285339 -4.051196 4.582438
v -2.850160 -3.665720 4.484994
v -5.278538 -2.238942 2.861224
v -0.946709 1.907628 5.196779
v -1.314173 3.104912 4.231404
v -1.780000 2.860000 3.881555
v -1.845110 -4.098880 4.247264
v -5.436187 -4.030482 2.109852
v -0.766444 3.182131 4.861453
v -1.938616 -6.614410 4.521085
v 0.000000 1.059413 6.774605
v -0.516573 1.583572 6.148363
v 0.000000 1.728369 6.316750
v -1.246815 0.230297 5.681036
v 0.000000 -7.942194 5.181173
v 0.000000 -6.991499 5.153478
v -0.997827 -6.930921 4.979576
v -3.288807 -5.382514 3.795752
v -2.311631 -1.566237 4.590085
v -2.680250 -6.111567 4.096152
v -3.832928 -1.537326 4.137731
v -2.961860 -2.274215 4.440943
v -4.386901 -2.683286 3.643886
v -1.217295 -7.834465 4.969286
v -1.542374 -0.136843 5.201008
v -3.878377 -6.041764 3.311079
v -3.084037 -6.809842 3.814195
v -3.747321 -4.503545 3.726453
v -6.094129 -3.205991 1.473482
v -4.588995 -4.728726 2.983221
v -6.583231 -3.941269 0.070268
v -3.492580 -3.195820 4.130198
v -1.255543 0.802341 5.307551
v -1.126122 -0.933602 6.538785
v -1.443109 -1.142774 5.905127
v -0.923043 -0.529042 7.003423
v -1.755386 3.529117 4.327696
v -2.632589 3.713828 4.364629
v -3.388062 3.721976 4.309028
v -4.075766 3.675413 4.076063
v -4.622910 3.474691 3.646321
v -5.171755 2.535753 2.670867
v -7.297331 0.763172 -0.048769
v -4.706828 1.651000 3.109532
v -4.071712 1.476821 3.476944
v -3.269817 1.470659 3.731945
v -2.527572 1.617311 3.865444
v -1.970894 1.858505 3.961782
v -1.579543 2.097941 4.084996
v -7.664182 0.673132 -2.435867
v -1.397041 -1.340139 5.630378
v -0.884838 0.658740 6.233232
v -0.767097 -0.968035 7.077932
v -0.460213 -1.334106 6.787447
v -0.748618 -1.067994 6.798303
v -1.236408 -1.585568 5.480490
v -0.387306 -1.409990 6.957705
v -0.319925 -1.607931 6.508676
v -1.639633 2.556298 3.863736
v -1.255645 2.467144 4.203800
v -1.031362 2.382663 4.615849
v -4.253081 2.772296 3.315305
v -4.530000 2.910000 3.339685
v 0.463928 0.955357 6.633583
v 4.253081 2.577646 3.279702
v 0.416106 -1.466449 6.447657
v 7.087960 5.434801 0.099620
v 2.628639 2.035898 3.848121
v 3.198363 1.985815 3.796952
v 3.775151 2.039402 3.646194
v 4.465819 2.422950 3.155168
v 2.164289 2.189867 3.851822
v 3.208229 3.223926 4.115822
v 2.673803 3.205337 4.092203
v 3.745193 3.165286 3.972409
v 4.161018 3.059069 3.719554
v 5.062006 1.934418 2.776093
v 2.266659 -7.425768 4.389812
v 4.445859 2.663991 3.173422
v 7.214530 2.263009 0.073150
v 5.799793 2.349546 2.204059
v 2.844939 -0.720868 4.433130
v 0.711452 -3.329355 5.877044
v 0.606033 -3.924562 5.444923
v 1.431615 -3.500953 5.496189
v 1.914910 -3.803146 5.028930
v 1.131043 -3.973937 5.189648
v 1.563548 -4.082763 4.842263
v 2.650112 -5.003649 4.188483
v 0.427049 -1.094134 7.360529
v 0.496396 -0.475659 7.440358
v 5.253307 3.881582 3.363159
v 1.718698 0.974609 4.558359
v 1.608635 -0.942516 5.814193
v 1.651267 -0.610868 5.581319
v 4.765501 -0.701554 3.534632
v 0.478306 0.295766 7.101013
v 3.734964 4.508230 4.550454
v 4.588603 4.302037 4.048484
v 6.279331 6.615427 1.425850
v 1.220941 4.142165 5.106035
v 2.193489 3.100317 4.000575
v 3.102642 -4.352984 4.095905
v 6.719682 -4.788645 -1.745401
v 1.193824 -1.306795 5.737747
v 0.729766 -1.593712 5.833208
v 2.456206 -4.342621 4.283884
v 2.204823 -4.304508 4.162499
v 4.985894 4.802461 3.751977
v 1.592294 -1.257709 5.456949
v 2.644548 4.524654 4.921559
v 2.760292 5.100971 5.015990
v 3.523964 8.005976 3.729163
v 5.599763 5.715470 2.724259
v 3.063932 6.566144 4.529981
v 5.720968 4.254584 2.830852
v 6.374393 4.785590 1.591691
v 0.672728 -3.688016 5.737804
v 1.262560 -3.787691 5.417779
v 1.732553 -3.952767 5.000579
v 1.043625 -1.464973 5.662455
v 2.321234 -4.329069 4.258156
v 2.056846 -4.477671 4.520883
v 2.153084 -4.276322 4.038093
v 0.946874 -1.035249 6.512274
v 1.469132 -4.036351 4.604908
v 1.024340 -3.989851 4.926693
v 0.533422 -3.993222 5.138202
v 0.769720 -6.095394 4.985883
v 0.699606 -5.291850 5.448304
v 0.669687 -4.949770 5.509612
v 0.630947 -4.695101 5.449371
v 0.583218 -4.517982 5.339869
v 1.537170 -4.423206 4.745470
v 1.615600 -4.475942 4.813632
v 1.729053 -4.618680 4.854463
v 1.838624 -4.828746 4.823737
v 2.368250 -3.106237 4.868096
v 7.542244 -1.049282 -2.431321
v 1.826614 -4.399531 4.399021
v 1.929558 -4.411831 4.497052
v 0.597442 -2.013686 5.866456
v 1.405627 -1.714196 5.241087
v 0.662449 -1.819321 5.863759
v 2.342340 0.572222 4.294303
v 3.327324 0.104863 4.113860
v 1.726175 -0.919165 5.273355
v 5.133204 7.485602 2.660442
v 4.538641 6.319907 3.683424
v 3.986562 5.109487 4.466315
v 2.169681 -5.440433 4.455874
v 1.395634 5.011963 5.316032
v 1.619500 6.599217 4.921106
v 1.891399 8.236377 4.274997
v 4.195832 2.235205 3.375099
v 5.733342 1.411738 2.431726
v 1.859887 2.355757 3.843181
v 4.988612 3.074654 3.083858
v 1.303263 1.416453 4.831091
v 1.305757 -0.672779 6.415959
v 6.465170 0.937119 1.689873
v 5.258659 0.945811 2.974312
v 4.432338 0.722096 3.522615
v 3.300681 0.861641 3.872784
v 2.430178 1.131492 4.039035
v 1.820731 1.467954 4.224124
v 0.563221 2.307693 5.566789
v 6.338145 -0.529279 1.881175
v 5.587698 3.208071 2.687839
v 0.242624 -1.462857 7.071491
v 1.611251 0.339326 4.895421
v 7.743095 2.364999 -2.005167
v 1.391142 1.851048 4.448999
v 1.785794 -0.978284 4.850470
v 4.670959 2.664461 3.084075
v 1.333970 -0.283761 6.097047
v 7.270895 -2.890917 -2.252455
v 1.856432 2.585245 3.757904
v 0.923388 0.073076 6.671944
v 5.000589 -6.135128 1.892523
v 5.085276 -7.178590 0.714711
v 7.159291 -0.811820 -0.072044
v 5.843051 -5.248023 0.924091
v 6.847258 3.662916 0.724695
v 2.412942 -8.258853 4.119213
v 0.179909 -1.689864 6.573301
v 2.103655 -0.163946 4.566119
v 6.407571 2.236021 1.560843
v 3.670075 2.360153 3.635230
v 3.177186 2.294265 3.775704
v 2.196121 -4.598322 4.479786
v 6.234883 -1.944430 1.663542
v 1.292924 -9.295920 4.094063
v 3.210651 -8.533278 2.802001
v 4.068926 -7.993109 1.925119
v 2.724032 2.315802 3.777151
v 2.288460 2.398891 3.697603
v 1.998311 2.496547 3.689148
v 6.130040 3.399261 2.038516
v 2.288460 2.886504 3.775031
v 2.724032 2.961810 3.871767
v 3.177186 2.964136 3.876973
v 3.670075 2.927714 3.724325
v 4.018389 2.857357 3.482983
v 7.555811 4.106811 -0.991917
v 4.018389 2.483695 3.440898
v 1.776217 -2.683946 5.213116
v 1.222237 -1.182444 5.952465
v 0.731493 -2.536683 5.815343
v 4.135272 -6.996638 2.671970
v 3.311811 -7.660815 3.382963
v 1.313701 -8.639995 4.702456
v 5.940524 -6.223629 -0.631468
v 1.998311 2.743838 3.744030
v 0.901447 1.236992 5.754256
v 2.308977 -8.974196 3.609070
v 6.954154 -2.439843 -0.131163
v 1.098819 -4.458788 5.120727
v 1.181124 -4.579996 5.189564
v 1.255818 -4.787901 5.237051
v 1.325085 -5.106507 5.205010
v 1.546388 -5.819392 4.757893
v 1.953754 -4.183892 4.431713
v 2.117802 -4.137093 4.555096
v 2.285339 -4.051196 4.582438
v 2.850160 -3.665720 4.484994
v 5.278538 -2.238942 2.861224
v 0.946709 1.907628 5.196779
v 1.314173 3.104912 4.231404
v 1.780000 2.860000 3.881555
v 1.845110 -4.098880 4.247264
v 5.436187 -4.030482 2.109852
v 0.766444 3.182131 4.861453
v 1.938616 -6.614410 4.521085
v 0.516573 1.583572 6.148363
v 1.246815 0.230297 5.681036
v 0.997827 -6.930921 4.979576
v 3.288807 -5.382514 3.795752
v 2.311631 -1.566237 4.590085
v 2.680250 -6.111567 4.096152
v 3.832928 -1.537326 4.137731
v 2.961860 -2.274215 4.440943
v 4.386901 -2.683286 3.643886
v 1.217295 -7.834465 4.969286
v 1.542374 -0.136843 5.201008
v 3.878377 -6.041764 3.311079
v 3.084037 -6.809842 3.814195
v 3.747321 -4.503545 3.726453
v 6.094129 -3.205991 1.473482
v 4.588995 -4.728726 2.983221
v 6.583231 -3.941269 0.070268
v 3.492580 -3.195820 4.130198
v 1.255543 0.802341 5.307551
v 1.126122 -0.933602 6.538785
v 1.443109 -1.142774 5.905127
v 0.923043 -0.529042 7.003423
v 1.755386 3.529117 4.327696
v 2.632589 3.713828 4.364629
v 3.388062 3.721976 4.309028
v 4.075766 3.675413 4.076063
v 4.622910 3.474691 3.646321
v 5.171755 2.535753 2.670867
v 7.297331 0.763172 -0.048769
v 4.706828 1.651000 3.109532
v 4.071712 1.476821 3.476944
v 3.269817 1.470659 3.731945
v 2.527572 1.617311 3.865444
v 1.970894 1.858505 3.961782
v 1.579543 2.097941 4.084996
v 7.664182 0.673132 -2.435867
v 1.397041 -1.340139 5.630378
v 0.884838 0.658740 6.233232
v 0.767097 -0.968035 7.077932
v 0.460213 -1.334106 6.787447
v 0.748618 -1.067994 6.798303
v 1.236408 -1.585568 5.480490
v 0.387306 -1.409990 6.957705
v 0.319925 -1.607931 6.508676
v 1.639633 2.556298 3.863736
v 1.255645 2.467144 4.203800
v 1.031362 2.382663 4.615849
v 4.253081 2.772296 3.315305
v 4.530000 2.910000 3.339685
vt 0.408772 0.626106
vt 0.410373 0.608920
vt 0.419054 0.612845
vt 0.289712 0.631747
vt 0.280098 0.624400
vt 0.289712 0.619236
vt 0.589660 0.608938
vt 0.591234 0.626106
vt 0.580985 0.612840
vt 0.719902 0.624400
vt 0.710288 0.631747
vt 0.710288 0.619236
vt 0.596371 0.306047
vt 0.586614 0.307634
vt 0.586800 0.304600
vt 0.403629 0.306047
vt 0.413200 0.304600
vt 0.413386 0.307634
vt 0.980531 0.598436
vt 0.941867 0.680924
vt 0.893693 0.600040
vt 0.019469 0.598436
vt 0.106310 0.600044
vt 0.058133 0.680924
vt 0.865595 0.666313
vt 0.134410 0.666317
vt 0.528249 0.349596
vt 0.499977 0.347466
vt 0.527121 0.333802
vt 0.471751 0.349596
vt 0.472879 0.333802
vt 0.500023 0.333766
vt 0.631101 0.552846
vt 0.633505 0.573912
vt 0.600862 0.567527
vt 0.368756 0.552793
vt 0.398964 0.567345
vt 0.366427 0.573884
vt 0.603876 0.583413
vt 0.396012 0.583304
vt 0.560215 0.342771
vt 0.439785 0.342771
vt 0.553172 0.331473
vt 0.446828 0.331473
vt 0.573500 0.580000
vt 0.572156 0.562348
vt 0.426243 0.579569
vt 0.427685 0.562039
vt 0.598631 0.545021
vt 0.401223 0.544828
vt 0.579658 0.590055
vt 0.420121 0.589772
vt 0.635536 0.810751
vt 0.709250 0.798492
vt 0.668509 0.880086
vt 0.364501 0.810886
vt 0.331431 0.880286
vt 0.290777 0.798554
vt 0.757824 0.852324
vt 0.242176 0.852324
vt 0.499877 0.091010
vt 0.499977 0.045547
vt 0.559100 0.097368
vt 0.440512 0.097581
vt 0.568013 0.055435
vt 0.430987 0.055935
vt 0.606793 0.604463
vt 0.611335 0.637716
vt 0.393207 0.604463
vt 0.388665 0.637716
vt 0.723087 0.467946
vt 0.713757 0.532373
vt 0.665586 0.504049
vt 0.276896 0.467943
vt 0.334562 0.503927
vt 0.286267 0.532325
vt 0.667113 0.539327
vt 0.332828 0.539288
vt 0.585384 0.333459
vt 0.414617 0.333459
vt 0.577238 0.326110
vt 0.422762 0.326110
vt 0.499987 0.730081
vt 0.558266 0.738328
vt 0.500023 0.809424
vt 0.441728 0.738324
vt 0.570304 0.812129
vt 0.429765 0.812166
vt 0.551868 0.463430
vt 0.570338 0.451425
vt 0.560611 0.480983
vt 0.448340 0.463064
vt 0.439121 0.481042
vt 0.429819 0.451385
vt 0.578632 0.466377
vt 0.421352 0.466259
vt 0.602918 0.157137
vt 0.645735 0.187360
vt 0.588371 0.195559
vt 0.396889 0.157245
vt 0.411362 0.195673
vt 0.354128 0.187447
vt 0.625560 0.219688
vt 0.374293 0.219815
vt 0.599262 0.318931
vt 0.400738 0.318931
vt 0.607600 0.322297
vt 0.392400 0.322297
vt 0.571228 0.317308
vt 0.568842 0.307634
vt 0.593203 0.314324
vt 0.428771 0.317309
vt 0.406787 0.314327
vt 0.431158 0.307634
vt 0.609945 0.360090
vt 0.631938 0.336500
vt 0.390095 0.360427
vt 0.367856 0.336081
vt 0.702114 0.566837
vt 0.297879 0.566824
vt 0.666525 0.566134
vt 0.333434 0.566122
vt 0.720122 0.285333
vt 0.675343 0.296022
vt 0.685945 0.224643
vt 0.279777 0.285342
vt 0.313951 0.224692
vt 0.324548 0.296007
vt 0.655317 0.254485
vt 0.344549 0.254561
vt 0.534090 0.220859
vt 0.527671 0.263774
vt 0.499968 0.218629
vt 0.465828 0.220810
vt 0.472329 0.263774
vt 0.499977 0.262981
vt 0.596961 0.293460
vt 0.603900 0.289783
vt 0.611897 0.306039
vt 0.403039 0.293460
vt 0.388103 0.306039
vt 0.396100 0.289783
vt 0.618026 0.305289
vt 0.381974 0.305289
vt 0.680678 0.652735
vt 0.681215 0.641660
vt 0.702097 0.646409
vt 0.319322 0.652735
vt 0.297903 0.646409
vt 0.318785 0.641660
vt 0.698585 0.636844
vt 0.301415 0.636844
vt 0.607610 0.646112
vt 0.583841 0.631286
vt 0.392390 0.646112
vt 0.416164 0.631286
vt 0.569944 0.232965
vt 0.430012 0.233191
vt 0.600409 0.250995
vt 0.399510 0.251079
vt 0.816351 0.259740
vt 0.771915 0.316422
vt 0.760966 0.220247
vt 0.183610 0.259743
vt 0.238979 0.220255
vt 0.228018 0.316428
vt 0.584177 0.375893
vt 0.621009 0.425982
vt 0.577268 0.414065
vt 0.415838 0.375804
vt 0.422729 0.414015
vt 0.378909 0.425990
vt 0.602995 0.451312
vt 0.396993 0.451203
vt 0.770092 0.767979
vt 0.826722 0.721245
vt 0.830705 0.806186
vt 0.229924 0.767997
vt 0.169295 0.806186
vt 0.173287 0.721252
vt 0.895093 0.745859
vt 0.104907 0.745859
vt 0.500151 0.472844
vt 0.515097 0.472748
vt 0.499910 0.501747
vt 0.485301 0.472605
vt 0.516446 0.500361
vt 0.483370 0.500413
vt 0.688880 0.590540
vt 0.681215 0.603765
vt 0.661242 0.586975
vt 0.311120 0.590540
vt 0.338758 0.586975
vt 0.318785 0.603765
vt 0.656636 0.599403
vt 0.343364 0.599403
vt 0.576838 0.288154
vt 0.581691 0.279937
vt 0.423162 0.288154
vt 0.418309 0.279937
vt 0.680198 0.429281
vt 0.752033 0.398685
vt 0.247923 0.398667
vt 0.319688 0.429262
vt 0.704663 0.378470
vt 0.295284 0.378419
vt 0.543283 0.180745
vt 0.499913 0.178271
vt 0.456549 0.180799
vt 0.555168 0.269206
vt 0.444832 0.269206
vt 0.552888 0.284192
vt 0.447112 0.284192
vt 0.499977 0.280615
vt 0.526913 0.282143
vt 0.473087 0.282143
vt 0.643998 0.465512
vt 0.642764 0.395662
vt 0.357155 0.395730
vt 0.355808 0.465594
vt 0.614074 0.116754
vt 0.624563 0.075808
vt 0.385764 0.116846
vt 0.375437 0.075808
vt 0.531597 0.647517
vt 0.549756 0.600249
vt 0.563544 0.640172
vt 0.468268 0.647329
vt 0.436392 0.640113
vt 0.450067 0.599566
vt 0.560698 0.604668
vt 0.438999 0.603505
vt 0.654766 0.655989
vt 0.629906 0.653924
vt 0.656636 0.644643
vt 0.345234 0.655989
vt 0.343364 0.644643
vt 0.370094 0.653924
vt 0.634038 0.644029
vt 0.365962 0.644029
vt 0.723330 0.636627
vt 0.276670 0.636627
vt 0.517862 0.528052
vt 0.541366 0.521101
vt 0.520797 0.557435
vt 0.482113 0.528021
vt 0.479154 0.557346
vt 0.458639 0.520911
vt 0.544341 0.548416
vt 0.455607 0.548199
vt 0.552386 0.697432
vt 0.499955 0.687602
vt 0.447580 0.697390
vt 0.499923 0.648476
vt 0.781070 0.564595
vt 0.752212 0.589195
vt 0.752702 0.542818
vt 0.218937 0.564589
vt 0.247308 0.542806
vt 0.247792 0.589190
vt 0.732392 0.575453
vt 0.267612 0.575440
vt 0.585271 0.664823
vt 0.414712 0.664780
vt 0.566036 0.417671
vt 0.531915 0.398463
vt 0.468080 0.398465
vt 0.433991 0.417638
vt 0.536915 0.406214
vt 0.463080 0.406216
vt 0.595293 0.514976
vt 0.627543 0.526648
vt 0.372120 0.526586
vt 0.404670 0.514867
vt 0.617942 0.491684
vt 0.382385 0.491427
vt 0.539958 0.442861
vt 0.554318 0.433923
vt 0.544562 0.451624
vt 0.460042 0.442861
vt 0.455528 0.451377
vt 0.445682 0.433923
vt 0.562759 0.441215
vt 0.437114 0.441104
vt 0.606630 0.596295
vt 0.393362 0.596294
vt 0.587247 0.601068
vt 0.412782 0.601030
vt 0.567985 0.506521
vt 0.432112 0.506411
vt 0.589072 0.491363
vt 0.410986 0.491277
vt 0.801779 0.168062
vt 0.733752 0.130299
vt 0.198221 0.168062
vt 0.266248 0.130299
vt 0.711218 0.180025
vt 0.288719 0.180054
vt 0.570082 0.533674
vt 0.429884 0.533478
vt 0.655896 0.679837
vt 0.687132 0.677654
vt 0.662801 0.717082
vt 0.344108 0.679849
vt 0.337212 0.717117
vt 0.312876 0.677668
vt 0.703624 0.706729
vt 0.296392 0.706757
vt 0.537728 0.494615
vt 0.462783 0.494253
vt 0.531987 0.469860
vt 0.467288 0.470075
vt 0.664630 0.147129
vt 0.335279 0.147180
vt 0.588166 0.890956
vt 0.412198 0.891099
vt 0.624852 0.271901
vt 0.374971 0.272195
vt 0.733530 0.623023
vt 0.742870 0.644554
vt 0.257135 0.644560
vt 0.266470 0.623023
vt 0.758757 0.617213
vt 0.241246 0.617214
vt 0.672684 0.743419
vt 0.327338 0.743473
vt 0.722943 0.728037
vt 0.277076 0.728068
vt 0.526227 0.426090
vt 0.523913 0.436170
vt 0.517472 0.422123
vt 0.473773 0.426090
vt 0.482483 0.422151
vt 0.476088 0.436170
vt 0.516311 0.436946
vt 0.483518 0.437016
vt 0.742247 0.685493
vt 0.771046 0.651041
vt 0.770391 0.700444
vt 0.257765 0.685510
vt 0.229622 0.700459
vt 0.228962 0.651049
vt 0.805016 0.657892
vt 0.194993 0.657898
vt 0.590372 0.298177
vt 0.607591 0.305797
vt 0.409626 0.298177
vt 0.392389 0.305797
vt 0.897013 0.531231
vt 0.821442 0.542444
vt 0.102986 0.531237
vt 0.178560 0.542446
vt 0.825608 0.602325
vt 0.174399 0.602329
vt 0.810748 0.476074
vt 0.189241 0.476076
vt 0.500026 0.452513
vt 0.499816 0.437019
vt 0.513050 0.452718
vt 0.486717 0.452371
vt 0.509127 0.437282
vt 0.490726 0.437599
vt 0.663187 0.355403
vt 0.336768 0.355267
vt 0.633830 0.601178
vt 0.634070 0.590424
vt 0.366170 0.601178
vt 0.365930 0.590424
vt 0.534154 0.379360
vt 0.465844 0.379359
vt 0.499886 0.133083
vt 0.552012 0.137408
vt 0.447750 0.137523
vt 0.645429 0.303293
vt 0.354490 0.303216
vt 0.542902 0.415208
vt 0.457098 0.415208
vt 0.790082 0.608646
vt 0.209925 0.608647
vt 0.716482 0.666799
vt 0.283526 0.666810
vt 0.892441 0.459239
vt 0.107550 0.459245
vt 0.525850 0.319809
vt 0.474155 0.319808
vt 0.549626 0.319139
vt 0.450374 0.319139
vt 0.577414 0.436833
vt 0.422552 0.436767
vt 0.567192 0.430580
vt 0.432949 0.430482
vt 0.588354 0.453138
vt 0.411671 0.453035
vt 0.681008 0.101715
vt 0.318993 0.101715
vt 0.616907 0.744114
vt 0.383103 0.744160
vt 0.523481 0.594373
vt 0.476410 0.594194
vt 0.499523 0.598938
vt 0.812086 0.411461
vt 0.187885 0.411462
vt 0.573521 0.296460
vt 0.426479 0.296460
vt 0.614083 0.718613
vt 0.385919 0.718636
vt 0.551980 0.295368
vt 0.448020 0.295368
vt 0.986046 0.439966
vt 0.992440 0.519223
vt 0.013954 0.439966
vt 0.007561 0.519223
vt 0.499977 0.294066
vt 0.526878 0.295374
vt 0.473122 0.295374
vt 0.499977 0.304722
vt 0.526967 0.304722
vt 0.473033 0.304722
vt 0.551338 0.304722
vt 0.572058 0.304722
vt 0.448662 0.304722
vt 0.427942 0.304722
vt 0.499974 0.560363
vt 0.871706 0.208059
vt 0.128294 0.208059
vt 0.932695 0.269895
vt 0.866152 0.317295
vt 0.067305 0.269895
vt 0.133823 0.317299
vt 0.547818 0.307634
vt 0.452182 0.307634
vt 0.499989 0.530175
vt 0.524613 0.307634
vt 0.475387 0.307634
vt 0.711045 0.601048
vt 0.288955 0.601048
vt 0.698585 0.612551
vt 0.301415 0.612551
vt 0.500023 0.892950
vt 0.622953 0.677221
vt 0.377046 0.677222
vt 0.499914 0.419853
vt 0.508953 0.420562
vt 0.490967 0.420622
vt 0.725342 0.610869
vt 0.274658 0.610869
vt 0.526564 0.453882
vt 0.473466 0.454256
vt 0.547226 0.579605
vt 0.452770 0.579150
vt 0.499988 0.381566
vt 0.499974 0.397628
vt 0.500016 0.320776
vt 0.500023 0.307652
vt 0.573595 0.610193
vt 0.426450 0.610201
vt 0.531529 0.444943
vt 0.468472 0.444943
vt 0.885770 0.384971
vt 0.114210 0.384978
vt 0.967686 0.355643
vt 0.032314 0.355643
vt 0.810858 0.353695
vt 0.189096 0.353700
vt 0.557261 0.427174
vt 0.442739 0.427174
vt 0.554692 0.419934
vt 0.445308 0.419934
vn -0.319908 -0.205275 0.924944
vn -0.319908 -0.205275 0.924944
vn -0.319908 -0.205275 0.924944
vn -0.528715 -0.152720 0.834947
vn -0.528715 -0.152720 0.834947
vn -0.528715 -0.152720 0.834947
vn 0.319908 -0.205275 0.924944
vn 0.319908 -0.205275 0.924944
vn 0.319908 -0.205275 0.924944
vn 0.528715 -0.152721 0.834947
vn 0.528715 -0.152721 0.834947
vn 0.528715 -0.152721 0.834947
vn 0.649943 0.310214 0.693788
vn 0.649943 0.310214 0.693788
vn 0.649943 0.310214 0.693788
vn -0.649943 0.310214 0.693788
vn -0.649943 0.310214 0.693788
vn -0.649943 0.310214 0.693788
vn 0.950610 0.003330 0.310371
vn 0.950610 0.003330 0.310371
vn 0.950610 0.003330 0.310371
vn 0.950610 0.003330 0.310371
vn -0.950610 0.003330 0.310371
vn -0.950610 0.003330 0.310371
vn -0.950610 0.003330 0.310371
vn -0.950610 0.003330 0.310371
vn 0.176872 -0.362759 0.914944
vn 0.176872 -0.362759 0.914944
vn 0.176872 -0.362759 0.914944
vn 0.176872 -0.362759 0.914944
vn -0.176872 -0.362759 0.914944
vn -0.176872 -0.362759 0.914944
vn -0.176872 -0.362759 0.914944
vn -0.176872 -0.362759 0.914944
vn 0.371729 0.327154 0.868785
vn 0.371729 0.327154 0.868785
vn 0.371729 0.327154 0.868785
vn 0.371729 0.327154 0.868785
vn -0.371729 0.327154 0.868786
vn -0.371729 0.327154 0.868785
vn -0.371729 0.327154 0.868786
vn -0.371729 0.327154 0.868785
vn 0.366196 -0.401059 0.839674
vn 0.366196 -0.401059 0.839674
vn 0.366196 -0.401059 0.839674
vn 0.366196 -0.401059 0.839674
vn -0.366196 -0.401059 0.839674
vn -0.366196 -0.401059 0.839674
vn -0.366196 -0.401059 0.839674
vn -0.366196 -0.401059 0.839674
vn 0.701137 0.340227 0.626620
vn 0.701137 0.340227 0.626620
vn 0.701137 0.340227 0.626620
vn 0.701137 0.340227 0.626620
vn -0.701137 0.340227 0.626620
vn -0.701137 0.340227 0.626620
vn -0.701137 0.340227 0.626620
vn -0.701137 0.340227 0.626620
vn 0.591385 0.383113 0.709569
vn 0.591385 0.383113 0.709569
vn 0.591385 0.383113 0.709569
vn 0.591385 0.383113 0.709569
vn -0.591385 0.383113 0.709569
vn -0.591385 0.383113 0.709569
vn -0.591385 0.383113 0.709569
vn -0.591385 0.383113 0.709569
vn 0.556005 0.313724 0.769699
vn 0.556005 0.313724 0.769698
vn 0.556005 0.313724 0.769698
vn 0.556005 0.313724 0.769698
vn -0.556005 0.313724 0.769699
vn -0.556005 0.313724 0.769699
vn -0.556005 0.313724 0.769699
vn -0.556005 0.313724 0.769698
vn 0.159264 -0.683029 0.712816
vn 0.159264 -0.683029 0.712816
vn 0.159264 -0.683029 0.712816
vn 0.159264 -0.683029 0.712816
vn -0.159264 -0.683029 0.712816
vn -0.159264 -0.683029 0.712816
vn -0.159264 -0.683029 0.712816
vn -0.159264 -0.683029 0.712816
vn -0.053099 -0.176939 0.982789
vn -0.053099 -0.176939 0.982789
vn -0.053099 -0.176939 0.982789
vn -0.053099 -0.176939 0.982789
vn 0.053099 -0.176939 0.982789
vn 0.053099 -0.176939 0.982789
vn 0.053099 -0.176939 0.982789
vn 0.053099 -0.176939 0.982789
vn 0.389729 0.169385 0.905218
vn 0.389729 0.169385 0.905218
vn 0.389729 0.169385 0.905218
vn 0.389729 0.169385 0.905218
vn -0.389729 0.169385 0.905218
vn -0.389729 0.169385 0.905218
vn -0.389729 0.169385 0.905218
vn -0.389729 0.169385 0.905218
vn 0.426870 -0.524080 0.736968
vn 0.426870 -0.524080 0.736968
vn 0.426870 -0.524080 0.736968
vn 0.426870 -0.524080 0.736968
vn -0.426870 -0.524080 0.736968
vn -0.426870 -0.524080 0.736968
vn -0.426870 -0.524080 0.736968
vn -0.426870 -0.524080 0.736968
vn 0.043375 0.222845 0.973888
vn 0.043375 0.222845 0.973888
vn 0.043375 0.222845 0.973888
vn 0.043375 0.222845 0.973888
vn -0.043375 0.222845 0.973888
vn -0.043375 0.222845 0.973888
vn -0.043375 0.222845 0.973888
vn -0.043375 0.222845 0.973888
vn 0.907074 0.225589 0.355425
vn 0.907074 0.225589 0.355425
vn 0.907074 0.225589 0.355425
vn -0.907074 0.225589 0.355425
vn -0.907074 0.225589 0.355425
vn -0.907074 0.225589 0.355425
vn 0.885103 0.185830 0.426686
vn 0.885103 0.185830 0.426686
vn 0.885103 0.185830 0.426685
vn -0.885103 0.185830 0.426685
vn -0.885103 0.185830 0.426685
vn -0.885103 0.185830 0.426686
vn 0.527944 0.023551 0.848953
vn 0.527944 0.023551 0.848953
vn 0.527944 0.023551 0.848953
vn 0.527944 0.023551 0.848953
vn -0.527944 0.023551 0.848953
vn -0.527944 0.023551 0.848953
vn -0.527944 0.023551 0.848953
vn -0.527944 0.023551 0.848953
vn 0.358979 -0.683586 0.635487
vn 0.358979 -0.683586 0.635487
vn 0.358979 -0.683586 0.635487
vn 0.358979 -0.683586 0.635487
vn -0.358979 -0.683586 0.635487
vn -0.358979 -0.683586 0.635487
vn -0.358979 -0.683586 0.635487
vn -0.358979 -0.683586 0.635487
vn -0.310841 -0.948450 -0.061809
vn -0.310841 -0.948450 -0.061809
vn -0.310841 -0.948450 -0.061809
vn 0.310841 -0.948450 -0.061810
vn 0.310841 -0.948450 -0.061810
vn 0.310841 -0.948450 -0.061810
vn -0.353170 -0.911232 -0.211961
vn -0.353170 -0.911232 -0.211961
vn -0.353170 -0.911232 -0.211961
vn 0.353170 -0.911232 -0.211960
vn 0.353170 -0.911232 -0.211960
vn 0.353170 -0.911232 -0.211960
vn 0.512659 -0.289348 0.808368
vn 0.512659 -0.289348 0.808368
vn 0.512659 -0.289348 0.808368
vn 0.512659 -0.289348 0.808368
vn -0.512659 -0.289347 0.808368
vn -0.512659 -0.289347 0.808368
vn -0.512659 -0.289348 0.808368
vn -0.512659 -0.289348 0.808368
vn 0.305189 0.214502 0.927819
vn 0.305189 0.214502 0.927819
vn 0.305189 0.214502 0.927819
vn 0.305189 0.214502 0.927819
vn -0.305189 0.214502 0.927819
vn -0.305189 0.214502 0.927819
vn -0.305189 0.214502 0.927819
vn -0.305189 0.214502 0.927819
vn 0.581191 -0.165629 0.796733
vn 0.581191 -0.165629 0.796733
vn 0.581191 -0.165629 0.796734
vn 0.581191 -0.165629 0.796733
vn -0.581191 -0.165629 0.796733
vn -0.581191 -0.165629 0.796733
vn -0.581191 -0.165629 0.796734
vn -0.581191 -0.165629 0.796733
vn 0.143614 -0.493962 0.857541
vn 0.143614 -0.493962 0.857541
vn 0.143614 -0.493962 0.857541
vn 0.143614 -0.493962 0.857541
vn -0.143614 -0.493962 0.857541
vn -0.143614 -0.493962 0.857541
vn -0.143614 -0.493962 0.857541
vn -0.143614 -0.493962 0.857541
vn 0.299163 0.519703 0.800256
vn 0.299163 0.519704 0.800256
vn 0.299163 0.519704 0.800256
vn 0.299163 0.519703 0.800256
vn -0.299162 0.519704 0.800256
vn -0.299162 0.519704 0.800256
vn -0.299162 0.519703 0.800256
vn -0.299162 0.519704 0.800256
vn 0.211763 -0.769589 0.602403
vn 0.211763 -0.769589 0.602403
vn 0.211763 -0.769589 0.602403
vn 0.211763 -0.769589 0.602403
vn -0.211763 -0.769589 0.602403
vn -0.211763 -0.769590 0.602402
vn -0.211763 -0.769589 0.602402
vn -0.211763 -0.769589 0.602402
vn 0.189401 -0.639758 0.744874
vn 0.189401 -0.639758 0.744874
vn 0.189401 -0.639758 0.744874
vn 0.189401 -0.639758 0.744874
vn -0.189401 -0.639758 0.744874
vn -0.189401 -0.639758 0.744873
vn -0.189401 -0.639758 0.744874
vn -0.189401 -0.639758 0.744874
vn 0.493998 -0.049011 0.868081
vn 0.493997 -0.049011 0.868081
vn 0.493998 -0.049011 0.868081
vn 0.493998 -0.049011 0.868081
vn -0.493998 -0.049011 0.868081
vn -0.493998 -0.049011 0.868081
vn -0.493997 -0.049011 0.868081
vn -0.493998 -0.049011 0.868081
vn 0.806433 -0.223441 0.547486
vn 0.806433 -0.223441 0.547486
vn 0.806433 -0.223441 0.547486
vn 0.806433 -0.223441 0.547486
vn -0.806433 -0.223441 0.547486
vn -0.806433 -0.223441 0.547486
vn -0.806433 -0.223441 0.547486
vn -0.806433 -0.223441 0.547486
vn 0.556617 0.169779 0.813236
vn 0.556617 0.169779 0.813236
vn 0.556617 0.169779 0.813236
vn 0.556617 0.169779 0.813236
vn -0.556617 0.169779 0.813236
vn -0.556617 0.169779 0.813236
vn -0.556617 0.169779 0.813236
vn -0.556617 0.169779 0.813236
vn 0.870493 0.089093 0.484051
vn 0.870493 0.089093 0.484051
vn 0.870493 0.089093 0.484051
vn 0.870493 0.089093 0.484051
vn -0.870493 0.089093 0.484051
vn -0.870493 0.089093 0.484051
vn -0.870493 0.089093 0.484051
vn -0.870493 0.089093 0.484051
vn 0.291636 0.378294 0.878546
vn 0.291636 0.378294 0.878546
vn 0.291636 0.378294 0.878546
vn 0.291636 0.378294 0.878546
vn -0.291636 0.378294 0.878546
vn -0.291636 0.378294 0.878546
vn -0.291636 0.378294 0.878546
vn -0.291636 0.378294 0.878546
vn 0.251013 0.099660 0.962840
vn 0.251013 0.099660 0.962840
vn 0.251013 0.099660 0.962840
vn 0.251013 0.099660 0.962840
vn -0.251013 0.099660 0.962840
vn -0.251013 0.099660 0.962840
vn -0.251013 0.099660 0.962840
vn -0.251013 0.099660 0.962840
vn 0.592783 0.282225 0.754293
vn 0.592783 0.282225 0.754292
vn 0.592783 0.282225 0.754292
vn 0.592783 0.282225 0.754292
vn -0.592783 0.282225 0.754292
vn -0.592783 0.282225 0.754292
vn -0.592783 0.282225 0.754292
vn -0.592783 0.282225 0.754292
vn 0.637812 -0.079617 0.766066
vn 0.637812 -0.079617 0.766066
vn 0.637812 -0.079617 0.766066
vn 0.637812 -0.079617 0.766066
vn -0.637812 -0.079617 0.766066
vn -0.637812 -0.079617 0.766066
vn -0.637812 -0.079617 0.766066
vn -0.637812 -0.079617 0.766066
vn 0.140843 0.063798 0.987974
vn 0.140843 0.063798 0.987974
vn 0.140843 0.063798 0.987974
vn 0.140843 0.063798 0.987974
vn -0.140843 0.063798 0.987974
vn -0.140843 0.063798 0.987974
vn -0.140843 0.063798 0.987974
vn -0.140843 0.063798 0.987974
vn 0.594599 -0.226676 0.771408
vn 0.594599 -0.226676 0.771408
vn 0.594599 -0.226676 0.771407
vn 0.594599 -0.226676 0.771407
vn -0.594599 -0.226676 0.771408
vn -0.594599 -0.226676 0.771408
vn -0.594599 -0.226676 0.771408
vn -0.594599 -0.226676 0.771408
vn 0.580227 0.100317 0.808253
vn 0.580227 0.100317 0.808253
vn 0.580227 0.100317 0.808253
vn 0.580227 0.100317 0.808253
vn -0.580227 0.100318 0.808253
vn -0.580227 0.100318 0.808253
vn -0.580227 0.100318 0.808253
vn -0.580227 0.100318 0.808253
vn 0.145478 -0.173995 0.973942
vn 0.145478 -0.173995 0.973942
vn 0.145478 -0.173995 0.973942
vn 0.145478 -0.173995 0.973942
vn -0.145478 -0.173995 0.973942
vn -0.145478 -0.173995 0.973942
vn -0.145478 -0.173995 0.973942
vn -0.145478 -0.173994 0.973942
vn 0.284458 0.026231 0.958330
vn 0.284458 0.026231 0.958330
vn 0.284458 0.026231 0.958330
vn 0.284458 0.026231 0.958330
vn -0.284458 0.026231 0.958330
vn -0.284458 0.026231 0.958330
vn -0.284458 0.026231 0.958330
vn -0.284458 0.026231 0.958330
vn 0.513371 -0.569992 0.641529
vn 0.513371 -0.569992 0.641529
vn 0.513371 -0.569992 0.641529
vn 0.513371 -0.569992 0.641529
vn -0.513371 -0.569992 0.641529
vn -0.513371 -0.569992 0.641529
vn -0.513371 -0.569992 0.641529
vn -0.513371 -0.569992 0.641529
vn 0.574075 -0.063207 0.816360
vn 0.574075 -0.063207 0.816360
vn 0.574075 -0.063207 0.816360
vn 0.574075 -0.063207 0.816360
vn -0.574075 -0.063207 0.816360
vn -0.574075 -0.063207 0.816360
vn -0.574075 -0.063207 0.816360
vn -0.574075 -0.063207 0.816360
vn 0.803516 0.002228 0.595279
vn 0.803516 0.002228 0.595279
vn 0.803516 0.002228 0.595279
vn 0.803516 0.002228 0.595279
vn -0.803516 0.002228 0.595279
vn -0.803516 0.002228 0.595279
vn -0.803516 0.002228 0.595279
vn -0.803516 0.002228 0.595279
vn -0.007277 -0.674191 0.738521
vn -0.007277 -0.674191 0.738521
vn -0.007277 -0.674191 0.738521
vn -0.007277 -0.674191 0.738521
vn 0.007278 -0.674191 0.738522
vn 0.007278 -0.674191 0.738522
vn 0.007278 -0.674191 0.738522
vn 0.007278 -0.674191 0.738522
vn 0.245882 -0.763272 0.597460
vn 0.245882 -0.763272 0.597460
vn 0.245882 -0.763272 0.597460
vn 0.245882 -0.763272 0.597460
vn -0.245882 -0.763272 0.597460
vn -0.245882 -0.763272 0.597460
vn -0.245882 -0.763272 0.597460
vn -0.245882 -0.763272 0.597460
vn 0.784733 0.358855 0.505388
vn 0.784733 0.358855 0.505388
vn 0.784733 0.358855 0.505388
vn 0.784733 0.358855 0.505388
vn -0.784733 0.358855 0.505388
vn -0.784733 0.358855 0.505388
vn -0.784733 0.358855 0.505388
vn -0.784733 0.358855 0.505388
vn 0.757929 0.221886 0.613442
vn 0.757929 0.221886 0.613442
vn 0.757928 0.221886 0.613442
vn 0.757929 0.221886 0.613442
vn -0.757929 0.221886 0.613442
vn -0.757929 0.221886 0.613442
vn -0.757929 0.221886 0.613442
vn -0.757929 0.221886 0.613442
vn 0.264628 -0.231198 0.936226
vn 0.264628 -0.231198 0.936226
vn 0.264628 -0.231198 0.936226
vn 0.264628 -0.231198 0.936226
vn -0.264628 -0.231198 0.936226
vn -0.264628 -0.231198 0.936226
vn -0.264628 -0.231198 0.936226
vn -0.264628 -0.231198 0.936226
vn 0.573585 0.269215 0.773643
vn 0.573585 0.269215 0.773643
vn 0.573585 0.269215 0.773643
vn 0.573585 0.269215 0.773643
vn -0.573585 0.269215 0.773643
vn -0.573585 0.269215 0.773643
vn -0.573585 0.269215 0.773643
vn -0.573585 0.269215 0.773643
vn 0.540061 -0.513642 0.666713
vn 0.540061 -0.513642 0.666713
vn 0.540061 -0.513642 0.666713
vn 0.540061 -0.513642 0.666713
vn -0.540061 -0.513642 0.666713
vn -0.540061 -0.513642 0.666713
vn -0.540061 -0.513642 0.666713
vn -0.540061 -0.513642 0.666713
vn 0.650250 -0.374653 0.660916
vn 0.650250 -0.374653 0.660916
vn 0.650250 -0.374653 0.660916
vn -0.650250 -0.374653 0.660916
vn -0.650250 -0.374653 0.660916
vn -0.650250 -0.374653 0.660916
vn 0.597396 -0.188991 0.779359
vn 0.597396 -0.188991 0.779359
vn 0.597396 -0.188991 0.779359
vn -0.597396 -0.188991 0.779359
vn -0.597396 -0.188991 0.779359
vn -0.597396 -0.188991 0.779359
vn 0.582693 0.202379 0.787090
vn 0.582693 0.202379 0.787090
vn 0.582693 0.202379 0.787090
vn 0.582693 0.202379 0.787090
vn -0.582693 0.202379 0.787090
vn -0.582693 0.202379 0.787090
vn -0.582693 0.202379 0.787090
vn -0.582693 0.202379 0.787090
vn 0.402340 -0.817157 0.412767
vn 0.402340 -0.817157 0.412767
vn 0.402340 -0.817157 0.412767
vn -0.402340 -0.817157 0.412768
vn -0.402340 -0.817157 0.412767
vn -0.402340 -0.817157 0.412768
vn 0.245954 -0.877093 0.412570
vn 0.245954 -0.877093 0.412570
vn 0.245954 -0.877093 0.412570
vn -0.245954 -0.877093 0.412570
vn -0.245954 -0.877093 0.412570
vn -0.245954 -0.877093 0.412570
vn 0.219316 0.547170 0.807778
vn 0.219316 0.547170 0.807778
vn 0.219316 0.547170 0.807778
vn 0.219316 0.547170 0.807778
vn -0.219316 0.547170 0.807778
vn -0.219316 0.547170 0.807778
vn -0.219316 0.547170 0.807778
vn -0.219316 0.547170 0.807778
vn 0.880111 0.391306 0.268859
vn 0.880111 0.391306 0.268859
vn 0.880111 0.391306 0.268859
vn 0.880111 0.391306 0.268859
vn -0.880111 0.391306 0.268859
vn -0.880111 0.391306 0.268859
vn -0.880111 0.391306 0.268859
vn -0.880111 0.391306 0.268859
vn 0.809969 -0.398602 0.430194
vn 0.809969 -0.398602 0.430194
vn 0.809969 -0.398602 0.430194
vn 0.809969 -0.398602 0.430194
vn -0.809969 -0.398602 0.430194
vn -0.809969 -0.398602 0.430194
vn -0.809969 -0.398602 0.430194
vn -0.809969 -0.398602 0.430194
vn 0.793534 0.259765 0.550297
vn 0.793534 0.259764 0.550297
vn 0.793534 0.259765 0.550297
vn 0.793534 0.259765 0.550297
vn -0.793534 0.259765 0.550297
vn -0.793534 0.259764 0.550297
vn -0.793534 0.259765 0.550297
vn -0.793534 0.259765 0.550297
vn 0.356360 -0.348085 0.867090
vn 0.356360 -0.348085 0.867090
vn 0.356360 -0.348085 0.867090
vn 0.356360 -0.348085 0.867090
vn -0.356361 -0.348085 0.867090
vn -0.356361 -0.348085 0.867090
vn -0.356361 -0.348085 0.867090
vn -0.356361 -0.348085 0.867090
vn 0.717397 0.313191 0.622297
vn 0.717397 0.313191 0.622297
vn 0.717397 0.313191 0.622297
vn 0.717397 0.313191 0.622297
vn -0.717397 0.313191 0.622297
vn -0.717397 0.313191 0.622297
vn -0.717397 0.313191 0.622297
vn -0.717397 0.313191 0.622297
vn 0.666982 -0.155522 0.728662
vn 0.666982 -0.155522 0.728662
vn 0.666982 -0.155522 0.728662
vn 0.666982 -0.155522 0.728662
vn -0.666982 -0.155522 0.728662
vn -0.666982 -0.155522 0.728662
vn -0.666982 -0.155522 0.728662
vn -0.666982 -0.155522 0.728662
vn 0.300281 0.346474 0.888700
vn 0.300281 0.346474 0.888700
vn 0.300281 0.346474 0.888700
vn 0.300281 0.346474 0.888700
vn -0.300281 0.346474 0.888700
vn -0.300281 0.346474 0.888700
vn -0.300281 0.346474 0.888700
vn -0.300281 0.346474 0.888700
vn 0.610302 -0.041625 0.791074
vn 0.610302 -0.041625 0.791074
vn 0.610302 -0.041625 0.791074
vn 0.610302 -0.041625 0.791074
vn -0.610302 -0.041625 0.791075
vn -0.610302 -0.041625 0.791075
vn -0.610302 -0.041625 0.791075
vn -0.610302 -0.041625 0.791075
vn 0.239851 0.254485 0.936861
vn 0.239851 0.254485 0.936861
vn 0.239851 0.254485 0.936861
vn 0.239851 0.254485 0.936861
vn -0.239851 0.254485 0.936861
vn -0.239851 0.254485 0.936861
vn -0.239851 0.254485 0.936861
vn -0.239851 0.254485 0.936861
vn 0.531684 -0.411343 0.740344
vn 0.531684 -0.411343 0.740344
vn 0.531684 -0.411343 0.740344
vn 0.531684 -0.411343 0.740344
vn -0.531684 -0.411343 0.740344
vn -0.531684 -0.411343 0.740344
vn -0.531684 -0.411343 0.740344
vn -0.531684 -0.411343 0.740344
vn 0.542753 -0.029667 0.839369
vn 0.542753 -0.029667 0.839369
vn 0.542753 -0.029667 0.839369
vn 0.542753 -0.029667 0.839369
vn -0.542752 -0.029667 0.839369
vn -0.542752 -0.029667 0.839369
vn -0.542752 -0.029667 0.839369
vn -0.542752 -0.029667 0.839369
vn 0.842087 -0.530490 0.097309
vn 0.842087 -0.530490 0.097309
vn 0.842087 -0.530490 0.097309
vn -0.842087 -0.530490 0.097309
vn -0.842087 -0.530490 0.097309
vn -0.842087 -0.530490 0.097309
vn 0.832064 -0.542755 0.114398
vn 0.832064 -0.542755 0.114398
vn 0.832064 -0.542755 0.114398
vn -0.832064 -0.542755 0.114398
vn -0.832064 -0.542755 0.114398
vn -0.832064 -0.542755 0.114398
vn 0.788593 -0.180744 0.587753
vn 0.788593 -0.180744 0.587753
vn 0.788593 -0.180744 0.587753
vn 0.788593 -0.180744 0.587753
vn -0.788593 -0.180744 0.587753
vn -0.788593 -0.180744 0.587753
vn -0.788593 -0.180744 0.587753
vn -0.788593 -0.180744 0.587753
vn -0.101006 0.968505 0.227588
vn -0.101006 0.968505 0.227588
vn -0.101006 0.968505 0.227588
vn 0.101005 0.968505 0.227587
vn 0.101005 0.968505 0.227587
vn 0.101005 0.968505 0.227587
vn -0.083791 0.963777 0.253207
vn -0.083791 0.963777 0.253207
vn -0.083791 0.963777 0.253207
vn 0.083792 0.963776 0.253208
vn 0.083792 0.963776 0.253208
vn 0.083792 0.963776 0.253208
vn 0.728702 -0.075771 0.680626
vn 0.728702 -0.075771 0.680626
vn 0.728702 -0.075771 0.680626
vn 0.728702 -0.075771 0.680626
vn -0.728702 -0.075771 0.680626
vn -0.728702 -0.075771 0.680626
vn -0.728702 -0.075771 0.680626
vn -0.728702 -0.075771 0.680626
vn 0.891444 0.045865 0.450804
vn 0.891444 0.045865 0.450804
vn 0.891444 0.045865 0.450804
vn 0.891444 0.045865 0.450804
vn -0.891444 0.045866 0.450804
vn -0.891444 0.045866 0.450804
vn -0.891444 0.045866 0.450804
vn -0.891444 0.045866 0.450804
vn 0.728587 0.032966 0.684160
vn 0.728587 0.032966 0.684160
vn 0.728587 0.032966 0.684160
vn 0.728587 0.032966 0.684160
vn -0.728587 0.032966 0.684160
vn -0.728587 0.032966 0.684160
vn -0.728587 0.032966 0.684160
vn -0.728587 0.032966 0.684160
vn 0.234428 -0.673674 0.700861
vn 0.234428 -0.673674 0.700861
vn 0.234428 -0.673674 0.700861
vn 0.234428 -0.673674 0.700861
vn -0.234428 -0.673674 0.700861
vn -0.234428 -0.673675 0.700861
vn -0.234428 -0.673675 0.700861
vn -0.234428 -0.673674 0.700861
vn 0.746937 0.411679 0.522116
vn 0.746937 0.411679 0.522116
vn 0.746937 0.411679 0.522116
vn 0.746937 0.411679 0.522116
vn -0.746937 0.411679 0.522116
vn -0.746937 0.411679 0.522116
vn -0.746937 0.411679 0.522116
vn -0.746937 0.411679 0.522116
vn 0.463904 -0.099198 0.880314
vn 0.463903 -0.099198 0.880314
vn 0.463903 -0.099198 0.880314
vn 0.463903 -0.099198 0.880314
vn -0.463904 -0.099198 0.880314
vn -0.463904 -0.099198 0.880314
vn -0.463904 -0.099198 0.880314
vn -0.463904 -0.099198 0.880314
vn 0.030242 0.406910 0.912967
vn 0.030242 0.406910 0.912967
vn 0.030242 0.406910 0.912967
vn 0.030242 0.406910 0.912967
vn -0.030242 0.406910 0.912968
vn -0.030242 0.406910 0.912967
vn -0.030242 0.406910 0.912967
vn -0.030242 0.406910 0.912968
vn 0.495376 0.073181 0.865591
vn 0.495376 0.073181 0.865591
vn 0.495376 0.073181 0.865591
vn 0.495376 0.073181 0.865591
vn -0.495376 0.073181 0.865591
vn -0.495376 0.073181 0.865591
vn -0.495376 0.073181 0.865591
vn -0.495376 0.073181 0.865591
vn 0.169345 0.029290 0.985121
vn 0.169345 0.029290 0.985121
vn 0.169345 0.029290 0.985121
vn 0.169345 0.029290 0.985121
vn -0.169345 0.029290 0.985121
vn -0.169345 0.029290 0.985121
vn -0.169345 0.029290 0.985122
vn -0.169345 0.029290 0.985122
vn 0.296614 0.215181 0.930439
vn 0.296614 0.215181 0.930439
vn 0.296614 0.215181 0.930439
vn 0.296614 0.215181 0.930439
vn -0.296614 0.215181 0.930439
vn -0.296614 0.215181 0.930439
vn -0.296614 0.215181 0.930439
vn -0.296614 0.215181 0.930439
vn 0.448611 -0.174429 0.876540
vn 0.448611 -0.174429 0.876540
vn 0.448611 -0.174429 0.876540
vn 0.448611 -0.174429 0.876540
vn -0.448611 -0.174429 0.876540
vn -0.448611 -0.174429 0.876540
vn -0.448611 -0.174429 0.876540
vn -0.448611 -0.174429 0.876540
vn 0.857619 -0.191248 0.477403
vn 0.857619 -0.191248 0.477403
vn 0.857619 -0.191248 0.477403
vn -0.857619 -0.191248 0.477403
vn -0.857619 -0.191248 0.477403
vn -0.857619 -0.191248 0.477403
vn 0.792478 -0.312967 0.523480
vn 0.792478 -0.312967 0.523480
vn 0.792478 -0.312967 0.523480
vn -0.792477 -0.312967 0.523480
vn -0.792477 -0.312967 0.523480
vn -0.792477 -0.312967 0.523480
vn -0.009189 -0.699624 0.714452
vn -0.009189 -0.699624 0.714452
vn -0.009189 -0.699624 0.714452
vn -0.009189 -0.699624 0.714452
vn 0.009189 -0.699624 0.714452
vn 0.009189 -0.699624 0.714452
vn 0.009189 -0.699624 0.714452
vn 0.009189 -0.699624 0.714452
vn 0.529391 -0.347061 0.774141
vn 0.529391 -0.347061 0.774141
vn 0.529391 -0.347061 0.774141
vn 0.529391 -0.347061 0.774141
vn -0.529391 -0.347061 0.774141
vn -0.529391 -0.347061 0.774141
vn -0.529391 -0.347061 0.774141
vn -0.529391 -0.347061 0.774141
vn 0.134082 -0.707724 0.693649
vn 0.134082 -0.707724 0.693649
vn 0.134082 -0.707724 0.693649
vn 0.134082 -0.707724 0.693649
vn -0.134082 -0.707724 0.693649
vn -0.134082 -0.707724 0.693649
vn -0.134082 -0.707724 0.693649
vn -0.134082 -0.707724 0.693649
vn 0.549572 -0.068085 0.832668
vn 0.549572 -0.068085 0.832668
vn 0.549572 -0.068085 0.832668
vn 0.549572 -0.068085 0.832668
vn -0.549572 -0.068085 0.832667
vn -0.549572 -0.068085 0.832667
vn -0.549572 -0.068085 0.832667
vn -0.549572 -0.068085 0.832667
vn 0.573920 -0.429580 0.697192
vn 0.573920 -0.429580 0.697192
vn 0.573920 -0.429580 0.697192
vn 0.573920 -0.429580 0.697192
vn -0.573921 -0.429580 0.697192
vn -0.573921 -0.429580 0.697192
vn -0.573921 -0.429580 0.697192
vn -0.573921 -0.429580 0.697192
vn 0.509424 -0.057695 0.858580
vn 0.509424 -0.057695 0.858580
vn 0.509424 -0.057695 0.858580
vn 0.509424 -0.057695 0.858580
vn -0.509424 -0.057695 0.858580
vn -0.509424 -0.057695 0.858580
vn -0.509424 -0.057695 0.858580
vn -0.509424 -0.057695 0.858580
vn -0.126781 0.912635 0.388617
vn -0.126781 0.912635 0.388617
vn -0.126781 0.912635 0.388617
vn 0.126781 0.912636 0.388616
vn 0.126781 0.912636 0.388616
vn 0.126781 0.912636 0.388616
vn 0.315652 0.796760 0.515303
vn 0.315652 0.796760 0.515303
vn 0.315652 0.796760 0.515303
vn -0.315652 0.796759 0.515305
vn -0.315652 0.796759 0.515305
vn -0.315652 0.796759 0.515305
vn 0.908598 -0.056322 0.413857
vn 0.908598 -0.056322 0.413857
vn 0.908598 -0.056322 0.413857
vn 0.908598 -0.056322 0.413857
vn -0.908598 -0.056322 0.413857
vn -0.908598 -0.056322 0.413857
vn -0.908598 -0.056322 0.413857
vn -0.908598 -0.056322 0.413857
vn 0.189783 -0.796472 0.574122
vn 0.189783 -0.796472 0.574122
vn 0.189783 -0.796471 0.574122
vn 0.189783 -0.796472 0.574122
vn -0.189783 -0.796472 0.574121
vn -0.189783 -0.796472 0.574121
vn -0.189783 -0.796472 0.574121
vn -0.189783 -0.796472 0.574121
vn 0.351387 0.068073 0.933752
vn 0.351387 0.068073 0.933752
vn 0.351388 0.068073 0.933752
vn 0.351387 0.068073 0.933752
vn -0.351388 0.068073 0.933752
vn -0.351388 0.068073 0.933752
vn -0.351388 0.068073 0.933752
vn -0.351387 0.068073 0.933752
vn 0.531830 -0.529863 0.660607
vn 0.531830 -0.529863 0.660607
vn 0.531830 -0.529863 0.660607
vn -0.531830 -0.529864 0.660607
vn -0.531830 -0.529864 0.660607
vn -0.531830 -0.529864 0.660607
vn 0.634920 -0.660405 0.400928
vn 0.634920 -0.660405 0.400928
vn 0.634919 -0.660405 0.400928
vn -0.634920 -0.660404 0.400927
vn -0.634920 -0.660404 0.400927
vn -0.634920 -0.660404 0.400927
vn 0.943711 -0.268257 0.193514
vn 0.943711 -0.268257 0.193514
vn 0.943711 -0.268257 0.193514
vn -0.943711 -0.268257 0.193514
vn -0.943711 -0.268257 0.193514
vn -0.943711 -0.268257 0.193514
vn 0.976685 0.024229 0.213308
vn 0.976685 0.024229 0.213308
vn 0.976685 0.024229 0.213308
vn -0.976685 0.024229 0.213308
vn -0.976685 0.024229 0.213308
vn -0.976685 0.024229 0.213308
vn 0.194524 -0.827832 0.526170
vn 0.194524 -0.827832 0.526170
vn 0.194524 -0.827832 0.526170
vn 0.194524 -0.827832 0.526170
vn -0.194524 -0.827832 0.526170
vn -0.194524 -0.827832 0.526170
vn -0.194524 -0.827832 0.526170
vn -0.194524 -0.827832 0.526170
vn 0.588158 -0.170802 0.790504
vn 0.588158 -0.170802 0.790504
vn 0.588158 -0.170802 0.790504
vn 0.588158 -0.170802 0.790504
vn -0.588158 -0.170802 0.790504
vn -0.588158 -0.170802 0.790504
vn -0.588158 -0.170802 0.790504
vn -0.588158 -0.170802 0.790504
vn 0.736263 -0.171837 0.654515
vn 0.736263 -0.171837 0.654515
vn 0.736263 -0.171837 0.654515
vn 0.736263 -0.171837 0.654515
vn -0.736263 -0.171837 0.654515
vn -0.736263 -0.171837 0.654515
vn -0.736263 -0.171837 0.654515
vn -0.736263 -0.171837 0.654515
vn 0.126884 -0.900783 0.415319
vn 0.126884 -0.900783 0.415319
vn 0.126884 -0.900783 0.415319
vn 0.126884 -0.900783 0.415319
vn -0.126884 -0.900783 0.415319
vn -0.126884 -0.900783 0.415319
vn -0.126884 -0.900783 0.415319
vn -0.126884 -0.900783 0.415319
vn 0.700816 -0.215044 0.680157
vn 0.700816 -0.215044 0.680157
vn 0.700816 -0.215043 0.680156
vn 0.700816 -0.215044 0.680157
vn -0.700816 -0.215044 0.680156
vn -0.700816 -0.215044 0.680156
vn -0.700816 -0.215044 0.680156
vn -0.700816 -0.215044 0.680156
vn 0.716109 -0.455778 0.528634
vn 0.716109 -0.455778 0.528634
vn 0.716109 -0.455778 0.528634
vn 0.716109 -0.455778 0.528634
vn -0.716109 -0.455778 0.528634
vn -0.716109 -0.455778 0.528634
vn -0.716109 -0.455778 0.528634
vn -0.716109 -0.455778 0.528634
vn 0.461631 0.255260 0.849553
vn 0.461631 0.255260 0.849553
vn 0.461631 0.255260 0.849553
vn 0.461631 0.255260 0.849553
vn -0.461631 0.255260 0.849553
vn -0.461631 0.255260 0.849553
vn -0.461631 0.255260 0.849553
vn -0.461631 0.255260 0.849553
vn 0.431551 0.508220 0.745303
vn 0.431551 0.508220 0.745303
vn 0.431551 0.508220 0.745303
vn 0.431551 0.508220 0.745303
vn -0.431552 0.508220 0.745303
vn -0.431552 0.508220 0.745303
vn -0.431552 0.508220 0.745303
vn -0.431552 0.508220 0.745303
vn 0.752368 -0.092415 0.652228
vn 0.752368 -0.092415 0.652228
vn 0.752368 -0.092415 0.652228
vn 0.752368 -0.092415 0.652228
vn -0.752368 -0.092415 0.652228
vn -0.752368 -0.092415 0.652228
vn -0.752368 -0.092415 0.652228
vn -0.752368 -0.092415 0.652228
vn 0.413003 0.668448 0.618551
vn 0.413003 0.668448 0.618551
vn 0.413003 0.668448 0.618551
vn 0.413003 0.668448 0.618551
vn -0.413004 0.668449 0.618550
vn -0.413004 0.668449 0.618550
vn -0.413004 0.668449 0.618550
vn -0.413004 0.668449 0.618550
vn 0.205571 -0.240962 0.948514
vn 0.205571 -0.240962 0.948514
vn 0.205571 -0.240962 0.948514
vn 0.205571 -0.240962 0.948514
vn -0.205570 -0.240962 0.948514
vn -0.205570 -0.240962 0.948514
vn -0.205570 -0.240962 0.948514
vn -0.205570 -0.240962 0.948514
vn 0.488742 0.450437 0.747153
vn 0.488742 0.450437 0.747153
vn 0.488742 0.450437 0.747153
vn 0.488742 0.450437 0.747153
vn -0.488743 0.450437 0.747152
vn -0.488743 0.450437 0.747152
vn -0.488743 0.450437 0.747152
vn -0.488743 0.450438 0.747152
vn 0.296855 0.324862 0.897966
vn 0.296855 0.324862 0.897965
vn 0.296855 0.324862 0.897965
vn 0.296855 0.324862 0.897966
vn -0.296855 0.324862 0.897965
vn -0.296855 0.324862 0.897965
vn -0.296855 0.324862 0.897965
vn -0.296855 0.324862 0.897966
vn 0.672838 0.230077 0.703103
vn 0.672838 0.230077 0.703103
vn 0.672838 0.230077 0.703103
vn 0.672838 0.230077 0.703103
vn -0.672838 0.230076 0.703103
vn -0.672838 0.230076 0.703103
vn -0.672838 0.230076 0.703103
vn -0.672838 0.230076 0.703103
vn 0.983855 -0.078484 0.160839
vn 0.983855 -0.078484 0.160839
vn 0.983855 -0.078484 0.160839
vn 0.983855 -0.078484 0.160839
vn -0.983855 -0.078484 0.160839
vn -0.983855 -0.078484 0.160839
vn -0.983855 -0.078484 0.160839
vn -0.983855 -0.078484 0.160839
vn 0.104311 0.248515 0.962995
vn 0.104311 0.248515 0.962995
vn 0.104311 0.248515 0.962995
vn 0.104311 0.248515 0.962995
vn -0.104311 0.248515 0.962995
vn -0.104311 0.248515 0.962995
vn -0.104311 0.248515 0.962995
vn -0.104311 0.248515 0.962995
vn 0.970397 0.233644 0.061162
vn 0.970397 0.233644 0.061162
vn 0.970397 0.233644 0.061162
vn 0.970397 0.233644 0.061162
vn -0.970397 0.233644 0.061162
vn -0.970397 0.233644 0.061162
vn -0.970397 0.233644 0.061162
vn -0.970397 0.233644 0.061162
vn 0.068317 0.529362 0.845641
vn 0.068317 0.529362 0.845641
vn 0.068317 0.529362 0.845641
vn 0.068317 0.529362 0.845641
vn -0.068317 0.529362 0.845641
vn -0.068317 0.529362 0.845641
vn -0.068317 0.529362 0.845641
vn -0.068317 0.529362 0.845641
vn 0.110203 -0.185647 0.976417
vn 0.110203 -0.185647 0.976417
vn 0.110203 -0.185647 0.976417
vn 0.110203 -0.185647 0.976417
vn -0.110202 -0.185647 0.976417
vn -0.110202 -0.185647 0.976417
vn -0.110202 -0.185647 0.976417
vn -0.110202 -0.185647 0.976417
vn 0.499616 0.352921 0.791094
vn 0.499616 0.352921 0.791094
vn 0.499616 0.352921 0.791094
vn 0.499617 0.352921 0.791094
vn -0.499616 0.352921 0.791094
vn -0.499616 0.352921 0.791094
vn -0.499617 0.352921 0.791094
vn -0.499616 0.352921 0.791094
vn 0.061078 0.147035 0.987244
vn 0.061078 0.147035 0.987244
vn 0.061078 0.147035 0.987244
vn 0.061078 0.147035 0.987244
vn -0.061078 0.147035 0.987244
vn -0.061078 0.147035 0.987244
vn -0.061078 0.147035 0.987244
vn -0.061078 0.147035 0.987244
vn 0.351717 0.757826 0.549540
vn 0.351717 0.757827 0.549540
vn 0.351717 0.757827 0.549540
vn 0.351717 0.757827 0.549540
vn -0.351717 0.757827 0.549540
vn -0.351717 0.757827 0.549540
vn -0.351717 0.757827 0.549540
vn -0.351717 0.757827 0.549540
vn 0.418985 0.538791 0.730860
vn 0.418985 0.538791 0.730859
vn 0.418985 0.538791 0.730859
vn 0.418985 0.538791 0.730859
vn -0.418985 0.538791 0.730859
vn -0.418985 0.538791 0.730859
vn -0.418985 0.538791 0.730859
vn -0.418985 0.538791 0.730859
vn 0.124529 0.962559 0.240777
vn 0.124529 0.962559 0.240777
vn 0.124529 0.962559 0.240777
vn 0.124529 0.962559 0.240777
vn -0.124529 0.962559 0.240776
vn -0.124529 0.962559 0.240776
vn -0.124529 0.962559 0.240776
vn -0.124529 0.962559 0.240776
vn 0.864158 -0.375524 0.334980
vn 0.864159 -0.375524 0.334980
vn 0.864158 -0.375524 0.334980
vn 0.864158 -0.375524 0.334980
vn -0.864158 -0.375524 0.334980
vn -0.864158 -0.375524 0.334980
vn -0.864158 -0.375524 0.334980
vn -0.864158 -0.375525 0.334980
vn 0.911846 -0.331310 0.242427
vn 0.911846 -0.331310 0.242427
vn 0.911846 -0.331310 0.242427
vn 0.911846 -0.331310 0.242427
vn -0.911846 -0.331310 0.242427
vn -0.911846 -0.331310 0.242427
vn -0.911846 -0.331310 0.242427
vn -0.911846 -0.331310 0.242427
vn 0.803131 -0.314974 0.505739
vn 0.803131 -0.314974 0.505739
vn 0.803131 -0.314974 0.505739
vn -0.803131 -0.314974 0.505739
vn -0.803131 -0.314974 0.505739
vn -0.803131 -0.314974 0.505739
vn 0.750793 -0.373055 0.545105
vn 0.750793 -0.373055 0.545105
vn 0.750793 -0.373055 0.545105
vn -0.750793 -0.373055 0.545105
vn -0.750793 -0.373055 0.545105
vn -0.750793 -0.373055 0.545105
vn -0.168633 -0.985649 0.007706
vn -0.168633 -0.985649 0.007706
vn -0.168633 -0.985649 0.007706
vn -0.168633 -0.985649 0.007706
vn 0.168633 -0.985649 0.007706
vn 0.168633 -0.985649 0.007706
vn 0.168633 -0.985649 0.007706
vn 0.168633 -0.985649 0.007706
vn 0.331931 0.538845 0.774253
vn 0.331931 0.538845 0.774253
vn 0.331931 0.538845 0.774253
vn 0.331931 0.538845 0.774253
vn -0.331931 0.538845 0.774253
vn -0.331931 0.538845 0.774253
vn -0.331931 0.538845 0.774253
vn -0.331931 0.538845 0.774253
vn 0.393812 -0.017116 0.919032
vn 0.393812 -0.017116 0.919032
vn 0.393812 -0.017116 0.919032
vn 0.393812 -0.017116 0.919032
vn -0.393812 -0.017116 0.919032
vn -0.393812 -0.017116 0.919032
vn -0.393812 -0.017116 0.919032
vn -0.393812 -0.017116 0.919032
vn 0.176460 -0.308940 0.934568
vn 0.176460 -0.308940 0.934568
vn 0.176460 -0.308940 0.934568
vn 0.176460 -0.308940 0.934568
vn -0.176460 -0.308940 0.934568
vn -0.176460 -0.308940 0.934568
vn -0.176460 -0.308940 0.934568
vn -0.176460 -0.308940 0.934568
vn 0.019829 -0.989852 0.140713
vn 0.019829 -0.989852 0.140713
vn 0.019829 -0.989852 0.140713
vn 0.019829 -0.989852 0.140713
vn -0.019829 -0.989852 0.140713
vn -0.019829 -0.989852 0.140713
vn -0.019829 -0.989852 0.140713
vn -0.019829 -0.989852 0.140713
vn 0.529001 -0.353153 0.771648
vn 0.529001 -0.353153 0.771648
vn 0.529001 -0.353153 0.771648
vn 0.529001 -0.353153 0.771648
vn -0.529001 -0.353153 0.771648
vn -0.529001 -0.353153 0.771648
vn -0.529001 -0.353153 0.771648
vn -0.529001 -0.353153 0.771648
vn 0.466556 0.147546 0.872098
vn 0.466556 0.147546 0.872098
vn 0.466556 0.147546 0.872098
vn 0.466556 0.147546 0.872098
vn -0.466556 0.147546 0.872098
vn -0.466556 0.147546 0.872098
vn -0.466556 0.147546 0.872098
vn -0.466556 0.147546 0.872098
vn 0.366218 -0.122303 0.922457
vn 0.366218 -0.122303 0.922457
vn 0.366218 -0.122303 0.922457
vn 0.366218 -0.122303 0.922457
vn -0.366218 -0.122303 0.922457
vn -0.366218 -0.122303 0.922457
vn -0.366218 -0.122303 0.922457
vn -0.366218 -0.122303 0.922457
vn 0.467650 0.240106 0.850678
vn 0.467650 0.240106 0.850678
vn 0.467650 0.240106 0.850678
vn 0.467650 0.240106 0.850678
vn -0.467650 0.240106 0.850678
vn -0.467650 0.240106 0.850678
vn -0.467650 0.240106 0.850678
vn -0.467650 0.240106 0.850678
vn 0.979971 -0.032814 0.196418
vn 0.979971 -0.032814 0.196418
vn 0.979971 -0.032814 0.196418
vn 0.979971 -0.032814 0.196418
vn -0.979971 -0.032814 0.196418
vn -0.979971 -0.032814 0.196418
vn -0.979971 -0.032814 0.196418
vn -0.979971 -0.032814 0.196418
vn 0.227936 0.233419 0.945284
vn 0.227936 0.233419 0.945284
vn 0.227936 0.233419 0.945283
vn 0.227936 0.233419 0.945283
vn -0.227936 0.233419 0.945283
vn -0.227936 0.233419 0.945284
vn -0.227936 0.233419 0.945284
vn -0.227936 0.233419 0.945283
vn 0.081186 0.327932 0.941206
vn 0.081186 0.327932 0.941206
vn 0.081186 0.327932 0.941206
vn 0.081186 0.327932 0.941206
vn -0.081186 0.327932 0.941206
vn -0.081186 0.327932 0.941206
vn -0.081186 0.327932 0.941206
vn -0.081186 0.327932 0.941206
vn 0.789549 -0.477649 0.385311
vn 0.789549 -0.477649 0.385311
vn 0.789549 -0.477649 0.385311
vn -0.789549 -0.477649 0.385311
vn -0.789549 -0.477649 0.385311
vn -0.789549 -0.477649 0.385311
vn 0.626546 -0.678968 0.382678
vn 0.626546 -0.678968 0.382678
vn 0.626546 -0.678968 0.382678
vn -0.626545 -0.678968 0.382678
vn -0.626545 -0.678968 0.382678
vn -0.626545 -0.678968 0.382678
vn -0.510583 -0.854761 -0.093211
vn -0.510583 -0.854761 -0.093211
vn -0.510584 -0.854761 -0.093211
vn 0.510583 -0.854761 -0.093211
vn 0.510583 -0.854761 -0.093211
vn 0.510583 -0.854761 -0.093211
vn -0.494693 -0.869023 0.008842
vn -0.494693 -0.869023 0.008842
vn -0.494694 -0.869023 0.008842
vn 0.494694 -0.869023 0.008843
vn 0.494694 -0.869022 0.008843
vn 0.494694 -0.869022 0.008843
vn 0.748618 0.076702 0.658550
vn 0.748618 0.076702 0.658550
vn 0.748618 0.076702 0.658550
vn 0.748618 0.076702 0.658550
vn -0.748618 0.076702 0.658550
vn -0.748618 0.076702 0.658550
vn -0.748618 0.076702 0.658550
vn -0.748618 0.076702 0.658550
vn 0.736569 0.103673 0.668370
vn 0.736569 0.103673 0.668369
vn 0.736569 0.103673 0.668370
vn 0.736569 0.103673 0.668369
vn -0.736569 0.103673 0.668370
vn -0.736569 0.103673 0.668370
vn -0.736569 0.103673 0.668370
vn -0.736569 0.103673 0.668369
vn 0.571677 -0.111126 0.812918
vn 0.571677 -0.111126 0.812918
vn 0.571677 -0.111126 0.812919
vn 0.571677 -0.111126 0.812919
vn -0.571677 -0.111126 0.812919
vn -0.571677 -0.111126 0.812918
vn -0.571677 -0.111126 0.812919
vn -0.571677 -0.111126 0.812919
vn 0.670728 0.050892 0.739956
vn 0.670728 0.050892 0.739956
vn 0.670728 0.050892 0.739956
vn 0.670728 0.050892 0.739956
vn -0.670728 0.050892 0.739956
vn -0.670728 0.050892 0.739956
vn -0.670728 0.050892 0.739956
vn -0.670728 0.050892 0.739956
vn 0.196378 -0.473373 0.858693
vn 0.196378 -0.473373 0.858693
vn 0.196378 -0.473373 0.858693
vn 0.196378 -0.473373 0.858693
vn -0.196378 -0.473373 0.858693
vn -0.196378 -0.473373 0.858693
vn -0.196378 -0.473373 0.858693
vn -0.196378 -0.473373 0.858693
vn 0.216481 -0.896593 0.386338
vn 0.216481 -0.896593 0.386338
vn 0.216481 -0.896593 0.386338
vn 0.216481 -0.896593 0.386338
vn -0.216482 -0.896593 0.386338
vn -0.216482 -0.896593 0.386338
vn -0.216482 -0.896593 0.386338
vn -0.216482 -0.896593 0.386338
vn 0.203195 -0.629070 0.750322
vn 0.203195 -0.629070 0.750322
vn 0.203195 -0.629070 0.750322
vn 0.203195 -0.629070 0.750322
vn -0.203195 -0.629070 0.750322
vn -0.203195 -0.629070 0.750322
vn -0.203195 -0.629070 0.750322
vn -0.203195 -0.629070 0.750322
vn 0.374732 0.535194 0.757062
vn 0.374732 0.535194 0.757062
vn 0.374732 0.535194 0.757062
vn 0.374732 0.535194 0.757062
vn -0.374732 0.535194 0.757062
vn -0.374732 0.535194 0.757062
vn -0.374732 0.535194 0.757062
vn -0.374732 0.535194 0.757062
vn 0.429336 -0.032798 0.902549
vn 0.429336 -0.032798 0.902549
vn 0.429336 -0.032798 0.902549
vn 0.429336 -0.032798 0.902549
vn -0.429336 -0.032798 0.902549
vn -0.429336 -0.032798 0.902549
vn -0.429336 -0.032798 0.902549
vn -0.429336 -0.032798 0.902549
vn 0.694944 -0.168160 0.699125
vn 0.694944 -0.168160 0.699125
vn 0.694944 -0.168160 0.699125
vn -0.694944 -0.168160 0.699125
vn -0.694944 -0.168160 0.699125
vn -0.694944 -0.168160 0.699125
vn 0.658739 -0.107623 0.744635
vn 0.658739 -0.107623 0.744635
vn 0.658739 -0.107623 0.744635
vn -0.658738 -0.107623 0.744635
vn -0.658738 -0.107623 0.744635
vn -0.658739 -0.107623 0.744635
vn 0.881457 -0.003153 0.472254
vn 0.881457 -0.003153 0.472254
vn 0.881457 -0.003153 0.472254
vn 0.881457 -0.003153 0.472254
vn -0.881457 -0.003153 0.472254
vn -0.881457 -0.003153 0.472254
vn -0.881457 -0.003153 0.472254
vn -0.881457 -0.003153 0.472254
vn 0.863588 0.238957 0.443977
vn 0.863588 0.238957 0.443977
vn 0.863588 0.238957 0.443977
vn 0.863588 0.238957 0.443977
vn -0.863588 0.238957 0.443977
vn -0.863588 0.238957 0.443977
vn -0.863588 0.238957 0.443977
vn -0.863588 0.238957 0.443977
vn 0.262982 -0.600372 0.755244
vn 0.262982 -0.600372 0.755244
vn 0.262982 -0.600372 0.755244
vn 0.262982 -0.600372 0.755244
vn -0.262982 -0.600372 0.755244
vn -0.262982 -0.600372 0.755244
vn -0.262982 -0.600372 0.755244
vn -0.262982 -0.600372 0.755244
vn 0.911323 0.021242 0.411144
vn 0.911323 0.021242 0.411144
vn 0.911323 0.021242 0.411144
vn 0.911323 0.021242 0.411144
vn -0.911323 0.021243 0.411144
vn -0.911323 0.021243 0.411144
vn -0.911323 0.021243 0.411144
vn -0.911323 0.021243 0.411144
vn -0.007224 -0.147236 0.989075
vn -0.007224 -0.147236 0.989075
vn -0.007224 -0.147236 0.989075
vn -0.007224 -0.147236 0.989075
vn 0.007223 -0.147236 0.989075
vn 0.007223 -0.147236 0.989075
vn 0.007223 -0.147236 0.989075
vn 0.007223 -0.147236 0.989075
vn 0.763766 -0.417944 0.491918
vn 0.763767 -0.417944 0.491918
vn 0.763766 -0.417944 0.491918
vn 0.763767 -0.417944 0.491918
vn -0.763766 -0.417944 0.491918
vn -0.763767 -0.417944 0.491918
vn -0.763766 -0.417944 0.491918
vn -0.763767 -0.417944 0.491918
vn 0.808297 0.339552 0.480999
vn 0.808297 0.339552 0.480999
vn 0.808297 0.339552 0.481000
vn 0.808297 0.339552 0.480999
vn -0.808297 0.339552 0.480999
vn -0.808297 0.339552 0.480999
vn -0.808297 0.339552 0.480999
vn -0.808297 0.339552 0.480999
vn 0.547628 -0.017477 0.836539
vn 0.547628 -0.017477 0.836539
vn 0.547628 -0.017477 0.836539
vn 0.547628 -0.017477 0.836539
vn -0.547628 -0.017477 0.836539
vn -0.547628 -0.017477 0.836539
vn -0.547628 -0.017477 0.836539
vn -0.547628 -0.017477 0.836539
vn 0.533011 -0.116795 0.838009
vn 0.533011 -0.116795 0.838009
vn 0.533011 -0.116795 0.838009
vn 0.533011 -0.116795 0.838009
vn -0.533011 -0.116795 0.838008
vn -0.533011 -0.116795 0.838008
vn -0.533011 -0.116795 0.838008
vn -0.533011 -0.116795 0.838008
vn 0.230177 -0.145989 0.962136
vn 0.230177 -0.145989 0.962136
vn 0.230177 -0.145989 0.962136
vn 0.230177 -0.145989 0.962136
vn -0.230177 -0.145989 0.962136
vn -0.230177 -0.145989 0.962136
vn -0.230177 -0.145989 0.962136
vn -0.230177 -0.145989 0.962136
vn 0.525144 -0.797414 0.297244
vn 0.525144 -0.797414 0.297244
vn 0.525144 -0.797414 0.297244
vn -0.525144 -0.797414 0.297244
vn -0.525144 -0.797414 0.297244
vn -0.525144 -0.797414 0.297244
vn 0.573665 -0.777798 0.256786
vn 0.573665 -0.777798 0.256786
vn 0.573665 -0.777798 0.256786
vn -0.573666 -0.777797 0.256785
vn -0.573666 -0.777797 0.256785
vn -0.573666 -0.777797 0.256785
vn 0.147388 0.062360 0.987111
vn 0.147388 0.062360 0.987111
vn 0.147388 0.062360 0.987111
vn 0.147388 0.062360 0.987111
vn -0.147387 0.062360 0.987111
vn -0.147387 0.062360 0.987111
vn -0.147387 0.062360 0.987111
vn -0.147387 0.062360 0.987111
vn 0.124327 -0.796164 0.592170
vn 0.124327 -0.796164 0.592170
vn 0.124327 -0.796164 0.592170
vn 0.124327 -0.796164 0.592170
vn -0.124327 -0.796164 0.592170
vn -0.124327 -0.796164 0.592170
vn -0.124327 -0.796164 0.592170
vn -0.124327 -0.796164 0.592170
vn 0.285974 -0.145699 0.947096
vn 0.285974 -0.145699 0.947096
vn 0.285974 -0.145699 0.947096
vn 0.285974 -0.145699 0.947096
vn -0.285975 -0.145699 0.947096
vn -0.285975 -0.145699 0.947096
vn -0.285975 -0.145699 0.947096
vn -0.285975 -0.145699 0.947096
vn 0.033894 -0.976763 0.211627
vn 0.033894 -0.976763 0.211627
vn 0.033894 -0.976763 0.211627
vn 0.033894 -0.976763 0.211627
vn -0.033894 -0.976763 0.211626
vn -0.033894 -0.976763 0.211626
vn -0.033894 -0.976763 0.211626
vn -0.033894 -0.976763 0.211626
vn 0.836635 0.108587 0.536890
vn 0.836635 0.108587 0.536890
vn 0.836635 0.108587 0.536890
vn 0.836635 0.108587 0.536890
vn -0.836635 0.108587 0.536890
vn -0.836635 0.108587 0.536890
vn -0.836635 0.108587 0.536890
vn -0.836635 0.108587 0.536890
vn 0.569174 0.111045 0.814684
vn 0.569174 0.111045 0.814684
vn 0.569174 0.111045 0.814684
vn 0.569174 0.111045 0.814684
vn -0.569174 0.111045 0.814684
vn -0.569174 0.111045 0.814684
vn -0.569174 0.111045 0.814684
vn -0.569174 0.111045 0.814684
vn 0.569693 -0.041126 0.820828
vn 0.569693 -0.041126 0.820828
vn 0.569693 -0.041126 0.820828
vn 0.569693 -0.041126 0.820828
vn -0.569693 -0.041127 0.820828
vn -0.569693 -0.041127 0.820828
vn -0.569693 -0.041127 0.820828
vn -0.569693 -0.041127 0.820828
vn -0.197443 -0.147093 0.969216
vn -0.197443 -0.147093 0.969216
vn -0.197443 -0.147093 0.969216
vn -0.197443 -0.147093 0.969216
vn 0.197443 -0.147093 0.969216
vn 0.197443 -0.147093 0.969216
vn 0.197443 -0.147093 0.969216
vn 0.197443 -0.147093 0.969216
vn 0.418297 0.141828 0.897169
vn 0.418297 0.141828 0.897169
vn 0.418297 0.141828 0.897169
vn 0.418297 0.141828 0.897169
vn -0.418297 0.141828 0.897169
vn -0.418297 0.141828 0.897169
vn -0.418297 0.141828 0.897169
vn -0.418297 0.141828 0.897169
vn 0.495199 0.171942 0.851595
vn 0.495199 0.171942 0.851595
vn 0.495199 0.171942 0.851595
vn 0.495199 0.171942 0.851595
vn -0.495199 0.171942 0.851595
vn -0.495199 0.171942 0.851595
vn -0.495199 0.171942 0.851595
vn -0.495199 0.171942 0.851595
vn 0.873584 0.217402 0.435415
vn 0.873585 0.217402 0.435415
vn 0.873585 0.217402 0.435415
vn 0.873584 0.217402 0.435415
vn -0.873584 0.217402 0.435415
vn -0.873585 0.217402 0.435416
vn -0.873584 0.217402 0.435415
vn -0.873584 0.217402 0.435415
vn 0.539088 0.138229 0.830829
vn 0.539088 0.138229 0.830829
vn 0.539088 0.138229 0.830829
vn 0.539088 0.138229 0.830829
vn -0.539088 0.138229 0.830829
vn -0.539088 0.138229 0.830829
vn -0.539088 0.138229 0.830829
vn -0.539088 0.138229 0.830829
vn 0.821214 -0.201089 0.534014
vn 0.821214 -0.201089 0.534014
vn 0.821214 -0.201089 0.534014
vn -0.821214 -0.201089 0.534015
vn -0.821214 -0.201089 0.534015
vn -0.821214 -0.201088 0.534015
vn 0.776641 -0.265982 0.571036
vn 0.776641 -0.265982 0.571036
vn 0.776641 -0.265982 0.571036
vn -0.776642 -0.265982 0.571036
vn -0.776642 -0.265982 0.571036
vn -0.776642 -0.265982 0.571036
vn 0.457279 0.315814 0.831359
vn 0.457279 0.315814 0.831359
vn 0.457279 0.315814 0.831359
vn 0.457279 0.315814 0.831359
vn -0.457279 0.315814 0.831359
vn -0.457279 0.315814 0.831359
vn -0.457279 0.315814 0.831359
vn -0.457279 0.315814 0.831359
vn 0.717966 -0.669145 0.191753
vn 0.717966 -0.669145 0.191753
vn 0.717966 -0.669145 0.191753
vn -0.717966 -0.669145 0.191753
vn -0.717966 -0.669145 0.191753
vn -0.717966 -0.669145 0.191753
vn 0.678421 -0.733765 -0.036528
vn 0.678421 -0.733765 -0.036528
vn 0.678421 -0.733765 -0.036528
vn -0.678420 -0.733766 -0.036529
vn -0.678420 -0.733765 -0.036529
vn -0.678420 -0.733765 -0.036529
vn 0.754705 -0.235050 0.612513
vn 0.754705 -0.235050 0.612513
vn 0.754705 -0.235050 0.612513
vn 0.754705 -0.235050 0.612513
vn -0.754705 -0.235050 0.612513
vn -0.754705 -0.235050 0.612513
vn -0.754705 -0.235050 0.612513
vn -0.754705 -0.235050 0.612513
vn 0.428518 -0.268984 0.862566
vn 0.428518 -0.268984 0.862566
vn 0.428518 -0.268984 0.862566
vn 0.428518 -0.268984 0.862566
vn -0.428518 -0.268984 0.862566
vn -0.428518 -0.268984 0.862566
vn -0.428518 -0.268984 0.862566
vn -0.428518 -0.268984 0.862566
vn 0.521320 -0.195248 0.830725
vn 0.521320 -0.195248 0.830725
vn 0.521320 -0.195248 0.830725
vn 0.521320 -0.195248 0.830725
vn -0.521320 -0.195248 0.830725
vn -0.521320 -0.195248 0.830725
vn -0.521320 -0.195248 0.830725
vn -0.521320 -0.195248 0.830725
vn 0.613791 -0.649531 0.448743
vn 0.613791 -0.649531 0.448743
vn 0.613791 -0.649531 0.448743
vn -0.613791 -0.649531 0.448743
vn -0.613791 -0.649531 0.448743
vn -0.613791 -0.649531 0.448743
vn 0.599307 -0.657601 0.456500
vn 0.599307 -0.657601 0.456500
vn 0.599307 -0.657601 0.456500
vn -0.599308 -0.657600 0.456499
vn -0.599308 -0.657600 0.456499
vn -0.599308 -0.657600 0.456499
vn 0.255014 0.575609 0.776944
vn 0.255014 0.575609 0.776944
vn 0.255014 0.575609 0.776944
vn 0.255014 0.575609 0.776944
vn -0.255014 0.575610 0.776944
vn -0.255014 0.575610 0.776944
vn -0.255014 0.575610 0.776944
vn -0.255014 0.575610 0.776944
vn 0.346307 0.292509 0.891353
vn 0.346307 0.292509 0.891353
vn 0.346307 0.292509 0.891353
vn 0.346307 0.292509 0.891353
vn -0.346307 0.292508 0.891353
vn -0.346307 0.292508 0.891353
vn -0.346307 0.292508 0.891353
vn -0.346307 0.292508 0.891353
vn 0.407167 -0.067569 0.910851
vn 0.407167 -0.067569 0.910851
vn 0.407167 -0.067569 0.910851
vn 0.407167 -0.067569 0.910851
vn -0.407167 -0.067569 0.910851
vn -0.407167 -0.067569 0.910851
vn -0.407167 -0.067569 0.910851
vn -0.407167 -0.067569 0.910851
vn 0.408970 -0.410299 0.815106
vn 0.408970 -0.410299 0.815106
vn 0.408970 -0.410299 0.815106
vn 0.408970 -0.410299 0.815106
vn -0.408970 -0.410299 0.815107
vn -0.408970 -0.410299 0.815107
vn -0.408970 -0.410299 0.815107
vn -0.408970 -0.410299 0.815106
vn 0.370432 0.002436 0.928857
vn 0.370431 0.002436 0.928857
vn 0.370432 0.002436 0.928857
vn 0.370431 0.002436 0.928857
vn -0.370431 0.002436 0.928857
vn -0.370432 0.002436 0.928857
vn -0.370432 0.002436 0.928857
vn -0.370431 0.002436 0.928857
vn 0.976683 -0.128183 0.172219
vn 0.976683 -0.128183 0.172219
vn 0.976683 -0.128183 0.172219
vn 0.976683 -0.128183 0.172219
vn -0.976683 -0.128183 0.172219
vn -0.976683 -0.128183 0.172219
vn -0.976683 -0.128183 0.172219
vn -0.976683 -0.128183 0.172219
vn -0.115169 -0.868307 0.482471
vn -0.115169 -0.868307 0.482471
vn -0.115169 -0.868307 0.482471
vn 0.115168 -0.868307 0.482471
vn 0.115168 -0.868307 0.482471
vn 0.115168 -0.868307 0.482471
vn -0.308749 -0.941664 0.133953
vn -0.308749 -0.941664 0.133953
vn -0.308749 -0.941664 0.133953
vn 0.308749 -0.941663 0.133955
vn 0.308749 -0.941664 0.133955
vn 0.308749 -0.941664 0.133955
vn 0.065709 -0.754107 0.653457
vn 0.065709 -0.754107 0.653457
vn 0.065709 -0.754107 0.653457
vn 0.065709 -0.754107 0.653457
vn -0.065708 -0.754107 0.653456
vn -0.065708 -0.754107 0.653456
vn -0.065708 -0.754107 0.653456
vn -0.065708 -0.754107 0.653456
vn 0.333035 -0.441381 0.833229
vn 0.333035 -0.441381 0.833229
vn 0.333035 -0.441381 0.833229
vn 0.333035 -0.441381 0.833229
vn -0.333035 -0.441381 0.833229
vn -0.333035 -0.441381 0.833229
vn -0.333035 -0.441381 0.833229
vn -0.333035 -0.441381 0.833229
vn 0.517628 -0.199089 0.832121
vn 0.517628 -0.199089 0.832121
vn 0.517628 -0.199089 0.832121
vn 0.517628 -0.199089 0.832121
vn -0.517628 -0.199089 0.832121
vn -0.517628 -0.199089 0.832121
vn -0.517628 -0.199089 0.832121
vn -0.517628 -0.199089 0.832121
vn 0.877934 0.009972 0.478679
vn 0.877934 0.009972 0.478679
vn 0.877934 0.009972 0.478679
vn 0.877934 0.009972 0.478679
vn -0.877934 0.009972 0.478679
vn -0.877934 0.009972 0.478679
vn -0.877934 0.009972 0.478679
vn -0.877934 0.009972 0.478679
vn 0.480777 -0.835264 0.266811
vn 0.480777 -0.835264 0.266811
vn 0.480777 -0.835264 0.266811
vn -0.480776 -0.835264 0.266811
vn -0.480776 -0.835264 0.266811
vn -0.480776 -0.835264 0.266811
vn 0.456839 -0.862445 0.217917
vn 0.456839 -0.862445 0.217917
vn 0.456839 -0.862445 0.217917
vn -0.456839 -0.862445 0.217917
vn -0.456839 -0.862445 0.217917
vn -0.456839 -0.862445 0.217917
vn 0.907629 -0.128328 0.399677
vn 0.907629 -0.128328 0.399677
vn 0.907629 -0.128328 0.399677
vn 0.907629 -0.128328 0.399677
vn -0.907629 -0.128328 0.399677
vn -0.907629 -0.128328 0.399677
vn -0.907629 -0.128328 0.399677
vn -0.907629 -0.128328 0.399677
vn 0.272099 -0.156021 0.949537
vn 0.272099 -0.156021 0.949537
vn 0.272099 -0.156021 0.949537
vn 0.272099 -0.156021 0.949537
vn -0.272099 -0.156021 0.949537
vn -0.272099 -0.156021 0.949537
vn -0.272099 -0.156021 0.949537
vn -0.272099 -0.156021 0.949537
vn 0.442004 0.067278 0.894487
vn 0.442004 0.067278 0.894487
vn 0.442004 0.067278 0.894487
vn 0.442004 0.067278 0.894487
vn -0.442004 0.067278 0.894487
vn -0.442004 0.067278 0.894487
vn -0.442004 0.067278 0.894487
vn -0.442004 0.067278 0.894487
vn 0.919021 -0.375420 0.120250
vn 0.919021 -0.375420 0.120250
vn 0.919021 -0.375420 0.120250
vn 0.919021 -0.375420 0.120250
vn -0.919021 -0.375420 0.120250
vn -0.919021 -0.375420 0.120250
vn -0.919021 -0.375420 0.120250
vn -0.919021 -0.375420 0.120250
vn 0.852317 -0.231039 0.469230
vn 0.852317 -0.231039 0.469230
vn 0.852317 -0.231039 0.469230
vn 0.852317 -0.231039 0.469230
vn -0.852317 -0.231039 0.469230
vn -0.852317 -0.231039 0.469230
vn -0.852317 -0.231039 0.469230
vn -0.852317 -0.231039 0.469230
vn 0.161139 -0.814161 0.557831
vn 0.161139 -0.814161 0.557831
vn 0.161139 -0.814161 0.557831
vn -0.161140 -0.814161 0.557831
vn -0.161140 -0.814161 0.557831
vn -0.161140 -0.814161 0.557831
vn 0.251522 -0.851599 0.459909
vn 0.251522 -0.851599 0.459909
vn 0.251522 -0.851599 0.459909
vn -0.251522 -0.851599 0.459909
vn -0.251522 -0.851599 0.459909
vn -0.251522 -0.851599 0.459909
vn 0.813019 -0.264725 0.518575
vn 0.813019 -0.264725 0.518575
vn 0.813019 -0.264725 0.518575
vn -0.813020 -0.264725 0.518575
vn -0.813020 -0.264725 0.518575
vn -0.813020 -0.264725 0.518575
vn 0.592166 -0.540686 0.597494
vn 0.592166 -0.540686 0.597494
vn 0.592166 -0.540686 0.597494
vn -0.592166 -0.540685 0.597494
vn -0.592166 -0.540685 0.597494
vn -0.592166 -0.540685 0.597494
vn 0.263744 -0.804855 0.531646
vn 0.263744 -0.804855 0.531646
vn 0.263744 -0.804855 0.531646
vn 0.263744 -0.804855 0.531646
vn -0.263744 -0.804855 0.531646
vn -0.263744 -0.804855 0.531646
vn -0.263744 -0.804855 0.531646
vn -0.263744 -0.804855 0.531646
vn 0.287794 -0.629264 0.721943
vn 0.287794 -0.629264 0.721943
vn 0.287794 -0.629264 0.721943
vn -0.287794 -0.629264 0.721943
vn -0.287794 -0.629264 0.721943
vn -0.287794 -0.629264 0.721943
vn 0.285073 -0.619031 0.731802
vn 0.285073 -0.619031 0.731802
vn 0.285073 -0.619031 0.731802
vn -0.285074 -0.619031 0.731801
vn -0.285074 -0.619031 0.731801
vn -0.285074 -0.619031 0.731801
vn 0.508928 0.032225 0.860206
vn 0.508928 0.032225 0.860206
vn 0.508928 0.032225 0.860206
vn 0.508928 0.032225 0.860206
vn -0.508928 0.032225 0.860206
vn -0.508928 0.032225 0.860206
vn -0.508928 0.032225 0.860206
vn -0.508928 0.032225 0.860206
vn 0.285004 -0.109657 0.952233
vn 0.285004 -0.109657 0.952233
vn 0.285004 -0.109657 0.952233
vn 0.285004 -0.109657 0.952233
vn -0.285004 -0.109657 0.952233
vn -0.285004 -0.109657 0.952233
vn -0.285004 -0.109657 0.952233
vn -0.285004 -0.109657 0.952233
vn 0.131124 -0.054708 0.989855
vn 0.131125 -0.054708 0.989855
vn 0.131125 -0.054708 0.989855
vn 0.131125 -0.054708 0.989855
vn -0.131124 -0.054708 0.989855
vn -0.131125 -0.054708 0.989855
vn -0.131125 -0.054708 0.989855
vn -0.131125 -0.054708 0.989855
vn 0.139776 0.112094 0.983818
vn 0.139776 0.112094 0.983818
vn 0.139776 0.112094 0.983818
vn 0.139776 0.112094 0.983818
vn -0.139777 0.112094 0.983818
vn -0.139777 0.112094 0.983818
vn -0.139777 0.112094 0.983818
vn -0.139777 0.112094 0.983818
vn 0.315734 0.286253 0.904639
vn 0.315734 0.286253 0.904639
vn 0.315734 0.286253 0.904639
vn 0.315734 0.286253 0.904639
vn -0.315734 0.286253 0.904639
vn -0.315734 0.286253 0.904639
vn -0.315734 0.286253 0.904639
vn -0.315734 0.286253 0.904639
vn 0.603222 -0.165084 0.780302
vn 0.603222 -0.165084 0.780302
vn 0.603222 -0.165084 0.780302
vn 0.603222 -0.165084 0.780302
vn -0.603221 -0.165084 0.780302
vn -0.603221 -0.165084 0.780302
vn -0.603221 -0.165084 0.780302
vn -0.603222 -0.165084 0.780302
vn 0.211599 -0.536792 0.816750
vn 0.211599 -0.536792 0.816750
vn 0.211599 -0.536792 0.816750
vn 0.211599 -0.536792 0.816750
vn -0.211599 -0.536792 0.816750
vn -0.211599 -0.536792 0.816750
vn -0.211599 -0.536792 0.816750
vn -0.211599 -0.536792 0.816750
vn 0.032021 -0.526901 0.849323
vn 0.032021 -0.526901 0.849323
vn 0.032021 -0.526901 0.849323
vn 0.032021 -0.526901 0.849323
vn -0.032021 -0.526901 0.849323
vn -0.032021 -0.526901 0.849323
vn -0.032021 -0.526901 0.849323
vn -0.032021 -0.526901 0.849323
vn 0.031222 -0.423191 0.905502
vn 0.031222 -0.423191 0.905502
vn 0.031222 -0.423191 0.905502
vn 0.031222 -0.423191 0.905502
vn -0.031222 -0.423191 0.905502
vn -0.031222 -0.423191 0.905502
vn -0.031222 -0.423191 0.905502
vn -0.031222 -0.423191 0.905502
vn 0.240877 -0.384364 0.891203
vn 0.240877 -0.384364 0.891203
vn 0.240877 -0.384364 0.891203
vn 0.240877 -0.384364 0.891203
vn -0.240876 -0.384365 0.891203
vn -0.240876 -0.384365 0.891203
vn -0.240876 -0.384365 0.891203
vn -0.240876 -0.384365 0.891203
vn 0.440193 -0.403181 0.802294
vn 0.440193 -0.403181 0.802294
vn 0.440193 -0.403181 0.802294
vn 0.440193 -0.403181 0.802294
vn -0.440193 -0.403181 0.802294
vn -0.440193 -0.403181 0.802294
vn -0.440193 -0.403181 0.802294
vn -0.440193 -0.403181 0.802294
vn 0.543924 -0.467786 0.696651
vn 0.543924 -0.467786 0.696651
vn 0.543924 -0.467786 0.696651
vn 0.543924 -0.467786 0.696651
vn -0.543924 -0.467786 0.696651
vn -0.543924 -0.467786 0.696651
vn -0.543924 -0.467786 0.696651
vn -0.543924 -0.467786 0.696651
vn 0.598358 -0.769814 0.222160
vn 0.598358 -0.769814 0.222160
vn 0.598358 -0.769814 0.222160
vn -0.598358 -0.769814 0.222160
vn -0.598358 -0.769814 0.222160
vn -0.598358 -0.769814 0.222160
vn 0.626716 -0.693697 0.354980
vn 0.626716 -0.693697 0.354980
vn 0.626716 -0.693697 0.354980
vn -0.626716 -0.693697 0.354980
vn -0.626716 -0.693697 0.354980
vn -0.626716 -0.693697 0.354980
vn 0.526651 -0.747840 0.404195
vn 0.526651 -0.747840 0.404195
vn 0.526651 -0.747840 0.404195
vn -0.526651 -0.747840 0.404195
vn -0.526651 -0.747840 0.404195
vn -0.526651 -0.747840 0.404195
vn 0.594384 -0.727516 0.342678
vn 0.594384 -0.727516 0.342678
vn 0.594384 -0.727516 0.342678
vn -0.594384 -0.727516 0.342678
vn -0.594384 -0.727516 0.342678
vn -0.594384 -0.727516 0.342678
vn 0.600151 -0.206593 0.772747
vn 0.600151 -0.206593 0.772747
vn 0.600151 -0.206593 0.772747
vn -0.600151 -0.206593 0.772747
vn -0.600151 -0.206593 0.772747
vn -0.600151 -0.206593 0.772747
vn 0.486176 -0.026788 0.873450
vn 0.486176 -0.026788 0.873450
vn 0.486176 -0.026788 0.873450
vn -0.486175 -0.026788 0.873451
vn -0.486175 -0.026788 0.873451
vn -0.486175 -0.026788 0.873451
vn 0.899953 -0.165001 0.403558
vn 0.899953 -0.165001 0.403558
vn 0.899953 -0.165001 0.403558
vn 0.899953 -0.165001 0.403558
vn -0.899953 -0.165001 0.403558
vn -0.899953 -0.165001 0.403558
vn -0.899953 -0.165001 0.403558
vn -0.899953 -0.165001 0.403558
vn 0.538806 -0.727003 0.425622
vn 0.538806 -0.727003 0.425622
vn 0.538806 -0.727003 0.425622
vn -0.538806 -0.727003 0.425622
vn -0.538806 -0.727003 0.425622
vn -0.538806 -0.727003 0.425622
vn 0.508513 -0.737693 0.444099
vn 0.508513 -0.737693 0.444099
vn 0.508513 -0.737693 0.444099
vn -0.508513 -0.737693 0.444099
vn -0.508513 -0.737693 0.444099
vn -0.508513 -0.737693 0.444099
vn 0.789809 -0.176737 0.587338
vn 0.789809 -0.176737 0.587338
vn 0.789809 -0.176737 0.587338
vn 0.789809 -0.176737 0.587338
vn -0.789809 -0.176737 0.587338
vn -0.789809 -0.176737 0.587338
vn -0.789809 -0.176737 0.587338
vn -0.789809 -0.176737 0.587338
vn 0.528658 0.311802 0.789494
vn 0.528658 0.311802 0.789494
vn 0.528658 0.311802 0.789494
vn 0.528658 0.311802 0.789494
vn -0.528659 0.311802 0.789493
vn -0.528659 0.311802 0.789493
vn -0.528659 0.311802 0.789493
vn -0.528659 0.311802 0.789493
vn 0.737509 0.383449 0.555920
vn 0.737509 0.383449 0.555921
vn 0.737509 0.383449 0.555921
vn 0.737509 0.383449 0.555920
vn -0.737509 0.383449 0.555921
vn -0.737509 0.383449 0.555921
vn -0.737509 0.383449 0.555921
vn -0.737509 0.383449 0.555921
vn 0.821110 0.334151 0.462733
vn 0.821110 0.334151 0.462733
vn 0.821110 0.334151 0.462733
vn 0.821110 0.334151 0.462733
vn -0.821110 0.334151 0.462733
vn -0.821110 0.334151 0.462733
vn -0.821110 0.334151 0.462733
vn -0.821110 0.334151 0.462733
vn 0.858173 0.282730 0.428490
vn 0.858173 0.282730 0.428490
vn 0.858173 0.282730 0.428490
vn 0.858173 0.282730 0.428490
vn -0.858173 0.282730 0.428490
vn -0.858173 0.282730 0.428490
vn -0.858173 0.282730 0.428490
vn -0.858173 0.282730 0.428490
vn 0.854594 0.250065 0.455122
vn 0.854594 0.250065 0.455122
vn 0.854594 0.250065 0.455122
vn -0.854594 0.250065 0.455122
vn -0.854594 0.250065 0.455122
vn -0.854594 0.250065 0.455122
vn 0.828034 0.318323 0.461552
vn 0.828034 0.318323 0.461552
vn 0.828034 0.318323 0.461552
vn -0.828034 0.318323 0.461552
vn -0.828034 0.318323 0.461552
vn -0.828034 0.318323 0.461552
vn 0.877856 0.272522 0.393829
vn 0.877856 0.272522 0.393829
vn 0.877856 0.272522 0.393829
vn 0.877856 0.272522 0.393829
vn -0.877855 0.272523 0.393829
vn -0.877855 0.272523 0.393829
vn -0.877856 0.272523 0.393829
vn -0.877855 0.272522 0.393829
vn 0.866904 0.363881 0.340687
vn 0.866904 0.363881 0.340687
vn 0.866904 0.363881 0.340687
vn 0.866904 0.363881 0.340687
vn -0.866904 0.363881 0.340687
vn -0.866904 0.363881 0.340687
vn -0.866904 0.363881 0.340687
vn -0.866904 0.363881 0.340687
vn 0.957746 -0.221608 0.183337
vn 0.957746 -0.221608 0.183337
vn 0.957746 -0.221608 0.183337
vn 0.957746 -0.221608 0.183337
vn -0.957746 -0.221608 0.183337
vn -0.957746 -0.221608 0.183337
vn -0.957746 -0.221608 0.183337
vn -0.957746 -0.221608 0.183337
vn 0.744524 -0.130997 0.654617
vn 0.744524 -0.130997 0.654617
vn 0.744524 -0.130997 0.654617
vn 0.744524 -0.130997 0.654617
vn -0.744524 -0.130997 0.654617
vn -0.744524 -0.130997 0.654617
vn -0.744524 -0.130997 0.654617
vn -0.744524 -0.130997 0.654617
vn 0.546325 0.138772 0.825997
vn 0.546325 0.138772 0.825997
vn 0.546325 0.138772 0.825997
vn 0.546325 0.138772 0.825997
vn -0.546325 0.138772 0.825997
vn -0.546325 0.138772 0.825997
vn -0.546325 0.138772 0.825997
vn -0.546325 0.138772 0.825997
vn 0.595490 0.139142 0.791221
vn 0.595490 0.139142 0.791221
vn 0.595490 0.139142 0.791221
vn 0.595490 0.139142 0.791221
vn -0.595490 0.139142 0.791221
vn -0.595490 0.139142 0.791221
vn -0.595490 0.139142 0.791221
vn -0.595490 0.139142 0.791221
vn 0.114256 0.341775 0.932810
vn 0.114256 0.341775 0.932811
vn 0.114256 0.341775 0.932810
vn 0.114256 0.341775 0.932811
vn -0.114257 0.341775 0.932811
vn -0.114257 0.341775 0.932811
vn -0.114257 0.341775 0.932810
vn -0.114257 0.341775 0.932810
vn 0.342881 0.384230 0.857205
vn 0.342881 0.384230 0.857205
vn 0.342881 0.384230 0.857205
vn 0.342881 0.384230 0.857205
vn -0.342881 0.384230 0.857205
vn -0.342881 0.384230 0.857205
vn -0.342881 0.384230 0.857205
vn -0.342881 0.384230 0.857205
vn 0.576196 0.379060 0.724094
vn 0.576196 0.379060 0.724094
vn 0.576196 0.379060 0.724094
vn 0.576196 0.379060 0.724094
vn -0.576196 0.379060 0.724094
vn -0.576196 0.379060 0.724094
vn -0.576196 0.379060 0.724094
vn -0.576196 0.379060 0.724094
vn 0.696745 0.322616 0.640676
vn 0.696745 0.322616 0.640676
vn 0.696745 0.322616 0.640676
vn 0.696745 0.322616 0.640676
vn -0.696745 0.322616 0.640676
vn -0.696745 0.322616 0.640676
vn -0.696745 0.322616 0.640676
vn -0.696745 0.322616 0.640676
s off
g initialShadingGroup Mesh
f 174/1/1 156/2/2 134/3/3
f 247/4/4 34/5/5 8/6/6
f 383/7/7 399/8/8 363/9/9
f 264/10/10 467/11/11 250/12/12
f 309/13/13 416/14/14 325/15/15
f 79/16/16 96/17/17 192/18/18
f 265/21/19 357/19/20 390/20/21 369/25/22
f 163/24/23 128/22/24 35/23/25 140/26/26
f 303/29/27 268/27/28 1/28/29 12/32/30
f 1/28/31 38/30/32 73/31/33 12/32/34
f 351/35/35 350/33/36 452/34/37 453/39/38
f 232/38/39 121/36/40 122/37/41 233/40/42
f 270/41/43 268/27/44 303/29/45 304/43/46
f 73/31/47 38/30/48 40/42/49 74/44/50
f 351/35/51 358/45/52 344/46/53 278/49/54
f 115/48/55 129/47/56 122/37/57 48/50/58
f 358/45/59 351/35/60 453/39/61 454/51/62
f 233/40/63 122/37/64 129/47/65 234/52/66
f 298/55/67 300/53/68 334/54/69 333/59/70
f 105/58/71 70/56/72 68/57/73 104/60/74
f 397/63/75 176/61/76 153/62/77 378/65/78
f 153/62/79 176/61/80 172/64/81 149/66/82
f 383/7/83 382/67/84 385/68/85 399/8/86
f 158/70/87 155/69/88 156/2/89 174/1/90
f 331/73/91 281/71/92 348/72/93 349/77/94
f 119/76/95 51/74/96 102/75/97 120/78/98
f 271/79/99 270/41/100 304/43/101 305/81/102
f 74/44/103 40/42/104 41/80/105 75/82/106
f 152/85/107 10/83/108 337/84/109 338/87/110
f 108/86/111 10/83/112 152/85/113 109/88/114
f 345/89/115 279/90/116 361/91/117
f 116/92/118 132/93/119 49/94/120
f 280/95/121 361/91/122 279/90/123
f 50/96/124 49/94/125 132/93/126
f 419/99/127 263/97/128 432/98/129 425/103/130
f 212/102/131 33/100/132 195/101/133 205/104/134
f 271/79/135 305/81/136 409/105/137 410/107/138
f 185/106/139 75/82/140 41/80/141 186/108/142
f 273/109/143 311/110/144 408/111/145
f 43/112/146 184/113/147 81/114/148
f 416/14/149 408/111/150 311/110/151
f 192/18/152 81/114/153 184/113/154
f 411/116/155 323/115/156 271/79/157 410/107/158
f 41/80/159 93/117/160 187/118/161 186/108/162
f 349/77/163 348/72/164 450/119/165 451/121/166
f 230/120/167 119/76/168 120/78/169 231/122/170
f 431/125/171 435/123/172 433/124/173 423/129/174
f 213/128/175 215/126/176 211/127/177 203/130/178
f 19/133/179 314/131/180 315/132/181 18/136/182
f 85/135/183 84/134/184 19/133/185 18/136/186
f 307/139/187 308/137/188 376/138/189 292/143/190
f 147/142/191 78/140/192 77/141/193 62/144/194
f 261/147/195 260/145/196 388/146/197 389/151/198
f 161/150/199 30/148/200 31/149/201 162/152/202
f 385/68/203 287/153/204 415/154/205 399/8/206
f 191/156/207 57/155/208 158/70/209 174/1/210
f 407/157/211 419/99/212 425/103/213 336/159/214
f 205/104/215 195/101/216 183/158/217 107/160/218
f 365/163/219 368/161/220 417/162/221 435/123/222
f 193/166/223 139/164/224 136/165/225 215/126/226
f 328/169/227 392/167/228 424/168/229 359/173/230
f 204/172/231 166/170/232 99/171/233 130/174/234
f 285/177/235 299/175/236 302/176/237 252/181/238
f 72/180/239 69/178/240 55/179/241 22/182/242
f 6/185/243 5/183/244 276/184/245 282/187/246
f 46/186/247 5/183/248 6/185/249 52/188/250
f 254/191/251 255/189/252 374/190/253 375/195/254
f 145/194/255 25/192/256 24/193/257 146/196/258
f 308/137/259 321/197/260 322/198/261 376/138/262
f 92/200/263 91/199/264 78/140/265 147/142/266
f 412/202/267 281/71/268 426/201/269 428/205/270
f 206/204/271 51/74/272 188/203/273 208/206/274
f 201/208/275 422/207/276 314/131/277 19/133/278
f 84/134/279 202/209/280 201/208/281 19/133/282
f 407/157/283 336/159/284 322/198/285 406/210/286
f 92/200/287 107/160/288 183/158/289 182/211/290
f 405/212/291 406/210/292 322/198/293 321/197/294
f 92/200/295 182/211/296 181/213/297 91/199/298
f 17/214/299 18/136/300 315/132/301 316/215/302
f 85/135/303 18/136/304 17/214/305 86/216/306
f 427/218/307 426/201/308 267/217/309 424/168/310
f 37/220/311 206/204/312 207/219/313 204/172/314
f 401/222/315 370/221/316 397/63/317 378/65/318
f 172/64/319 141/223/320 177/224/321 149/66/322
f 323/115/323 392/167/324 270/41/325 271/79/326
f 40/42/327 166/170/328 93/117/329 41/80/330
f 414/227/331 418/225/332 466/226/333 465/231/334
f 246/230/335 194/228/336 190/229/337 245/232/338
f 387/235/339 258/233/340 259/234/341 386/239/342
f 29/238/343 28/236/344 160/237/345 159/240/346
f 468/241/347 261/147/348 389/151/349 467/11/350
f 162/152/351 31/149/352 248/242/353 247/4/354
f 420/245/355 249/243/356 457/244/357 400/249/358
f 237/248/359 4/246/360 197/247/361 175/250/362
f 333/59/363 334/54/364 299/175/365 285/177/366
f 69/178/367 105/58/368 104/60/369 55/179/370
f 418/225/371 286/251/372 9/252/373 169/254/374
f 9/252/375 56/253/376 194/228/377 169/254/378
f 347/257/379 341/255/380 262/256/381 449/261/382
f 32/260/383 112/258/384 118/259/385 229/262/386
f 442/263/387 286/251/388 418/225/389 414/227/390
f 194/228/391 56/253/392 222/264/393 190/229/394
f 328/169/395 461/265/396 327/266/397
f 99/171/398 98/267/399 241/268/400
f 329/269/401 327/266/402 461/265/403
f 100/270/404 241/268/405 98/267/406
f 330/272/407 278/49/408 356/271/409 372/275/410
f 127/274/411 48/50/412 101/273/413 143/276/414
f 310/277/415 393/278/416 439/279/417
f 80/280/418 219/281/419 167/282/420
f 440/283/421 439/279/422 393/278/423
f 220/284/424 167/282/425 219/281/426
f 257/285/427 382/67/428 383/7/429 342/287/430
f 156/2/431 155/69/432 27/286/433 113/288/434
f 421/289/435 361/91/436 280/95/437 430/291/438
f 50/96/439 132/93/440 199/290/441 210/292/442
f 380/294/443 366/293/444 365/163/445 395/297/446
f 136/165/447 137/295/448 151/296/449 170/298/450
f 438/299/451 356/271/452 278/49/453 344/46/454
f 48/50/455 127/274/456 218/300/457 115/48/458
f 283/303/459 444/301/460 445/302/461 284/307/462
f 225/306/463 224/304/464 53/305/465 54/308/466
f 364/309/467 282/187/468 276/184/469 441/311/470
f 46/186/471 52/188/472 135/310/473 221/312/474
f 396/313/475 432/98/476 263/97/477 370/221/478
f 33/100/479 212/102/480 171/314/481 141/223/482
f 339/315/483 338/87/484 300/53/485 298/55/486
f 70/56/487 109/88/488 110/316/489 68/57/490
f 322/198/491 336/159/492 274/317/493 376/138/494
f 44/318/495 107/160/496 92/200/497 147/142/498
f 350/33/499 349/77/500 451/121/501 452/34/502
f 231/122/503 120/78/504 121/36/505 232/38/506
f 343/320/507 468/241/508 360/319/509 447/323/510
f 131/322/511 248/242/512 114/321/513 227/324/514
f 335/325/515 283/303/516 284/307/517 294/327/518
f 54/308/519 53/305/520 106/326/521 64/328/522
f 251/329/523 459/330/524 463/331/525
f 21/332/526 243/333/527 239/334/528
f 462/335/529 463/331/530 459/330/531
f 242/336/532 239/334/533 243/333/534
f 301/339/535 277/337/536 354/338/537 384/343/538
f 125/342/539 47/340/540 71/341/541 157/344/542
f 326/345/543 293/346/544 325/15/545
f 97/347/546 96/17/547 63/348/548
f 309/13/549 325/15/550 293/346/551
f 79/16/552 63/348/553 96/17/554
f 294/327/555 284/307/556 277/337/557 301/339/558
f 47/340/559 54/308/560 64/328/561 71/341/562
f 346/350/563 448/349/564 265/21/565 373/353/566
f 35/23/567 228/351/568 117/352/569 144/354/570
f 347/257/571 353/355/572 346/350/573 341/255/574
f 117/352/575 124/356/576 118/259/577 112/258/578
f 275/359/579 2/357/580 20/358/581 355/361/582
f 20/358/583 2/357/584 45/360/585 126/362/586
f 457/244/587 249/243/588 282/187/589 364/309/590
f 52/188/591 4/246/592 237/248/593 135/310/594
f 428/205/595 426/201/596 427/218/597 437/363/598
f 207/219/599 206/204/600 208/206/601 217/364/602
f 253/366/603 381/365/604 382/67/605 257/285/606
f 155/69/607 154/367/608 23/368/609 27/286/610
f 270/41/611 392/167/612 394/369/613 268/27/614
f 168/370/615 166/170/616 40/42/617 38/30/618
f 201/208/619 200/371/620 429/372/621 422/207/622
f 209/373/623 200/371/624 201/208/625 202/209/626
f 267/217/627 331/73/628 330/272/629 372/275/630
f 101/273/631 102/75/632 37/220/633 143/276/634
f 274/317/635 423/129/636 433/124/637 288/374/638
f 213/128/639 203/130/640 44/318/641 58/375/642
f 291/376/643 251/329/644 329/269/645
f 61/377/646 100/270/647 21/332/648
f 463/331/649 329/269/650 251/329/651
f 243/333/652 21/332/653 100/270/654
f 386/239/655 259/234/656 287/153/657 385/68/658
f 57/155/659 29/238/660 159/240/661 158/70/662
f 354/338/663 343/320/664 447/323/665 266/378/666
f 227/324/667 114/321/668 125/342/669 36/379/670
f 260/145/671 258/233/672 387/235/673 388/146/674
f 160/237/675 28/236/676 30/148/677 161/150/678
f 432/98/679 431/125/680 423/129/681 425/103/682
f 203/130/683 211/127/684 212/102/685 205/104/686
f 277/337/687 446/380/688 343/320/689 354/338/690
f 114/321/691 226/381/692 47/340/693 125/342/694
f 336/159/695 425/103/696 423/129/697 274/317/698
f 203/130/699 205/104/700 107/160/701 44/318/702
f 307/139/703 293/346/704 308/137/705
f 77/141/706 78/140/707 63/348/708
f 326/345/709 308/137/710 293/346/711
f 97/347/712 63/348/713 78/140/714
f 353/355/715 367/382/716 448/349/717 346/350/718
f 228/351/719 138/383/720 124/356/721 117/352/722
f 304/43/723 303/29/724 269/384/725 272/386/726
f 39/385/727 73/31/728 74/44/729 42/387/730
f 267/217/731 372/275/732 359/173/733 424/168/734
f 130/174/735 143/276/736 37/220/737 204/172/738
f 328/169/739 295/388/740 461/265/741
f 99/171/742 241/268/743 65/389/744
f 456/390/745 461/265/746 295/388/747
f 236/391/748 65/389/749 241/268/750
f 295/388/751 332/392/752 279/90/753
f 65/389/754 49/94/755 103/393/756
f 280/95/757 279/90/758 332/392/759
f 50/96/760 103/393/761 49/94/762
f 305/81/763 304/43/764 272/386/765 273/109/766
f 42/387/767 74/44/768 75/82/769 43/112/770
f 435/123/771 428/205/772 437/363/773 433/124/774
f 208/206/775 215/126/776 213/128/777 217/364/778
f 428/205/779 435/123/780 417/162/781 412/202/782
f 193/166/783 215/126/784 208/206/785 188/203/786
f 409/105/787 305/81/788 273/109/789 408/111/790
f 43/112/791 75/82/792 185/106/793 184/113/794
f 396/313/795 395/297/796 431/125/797 432/98/798
f 211/127/799 170/298/800 171/314/801 212/102/802
f 379/394/803 396/313/804 370/221/805 401/222/806
f 141/223/807 171/314/808 150/395/809 177/224/810
f 300/53/811 297/396/812 335/325/813 334/54/814
f 106/326/815 67/397/816 70/56/817 105/58/818
f 352/398/819 418/225/820 169/254/821 7/400/822
f 169/254/823 194/228/824 123/399/825 7/400/826
f 353/355/827 281/71/828 412/202/829 377/401/830
f 188/203/831 51/74/832 124/356/833 148/402/834
f 326/345/835 320/403/836 321/197/837 308/137/838
f 91/199/839 90/404/840 97/347/841 78/140/842
f 337/84/843 286/251/844 296/405/845 297/396/846
f 66/406/847 56/253/848 108/86/849 67/397/850
f 404/407/851 405/212/852 321/197/853 320/403/854
f 91/199/855 181/213/856 180/408/857 90/404/858
f 330/272/859 331/73/860 349/77/861 350/33/862
f 120/78/863 102/75/864 101/273/865 121/36/866
f 334/54/867 335/325/868 294/327/869 299/175/870
f 64/328/871 106/326/872 105/58/873 69/178/874
f 367/382/875 324/409/876 455/410/877 448/349/878
f 235/412/879 94/411/880 138/383/881 228/351/882
f 16/413/883 17/214/884 316/215/885 317/414/886
f 86/216/887 17/214/888 16/413/889 87/415/890
f 359/173/891 430/291/892 280/95/893 332/392/894
f 50/96/895 210/292/896 130/174/897 103/393/898
f 15/416/899 16/413/900 317/414/901 318/417/902
f 87/415/903 16/413/904 15/416/905 88/418/906
f 10/83/907 9/252/908 286/251/909 337/84/910
f 56/253/911 9/252/912 10/83/913 108/86/914
f 278/49/915 330/272/916 350/33/917 351/35/918
f 121/36/919 101/273/920 48/50/921 122/37/922
f 381/365/923 253/366/924 254/191/925 375/195/926
f 24/193/927 23/368/928 154/367/929 146/196/930
f 319/420/931 403/419/932 404/407/933 320/403/934
f 180/408/935 179/421/936 89/422/937 90/404/938
f 420/245/939 352/398/940 7/400/941 198/423/942
f 7/400/943 123/399/944 197/247/945 198/423/946
f 326/345/947 325/15/948 319/420/949 320/403/950
f 89/422/951 96/17/952 97/347/953 90/404/954
f 366/293/955 398/424/956 368/161/957 365/163/958
f 139/164/959 173/425/960 137/295/961 136/165/962
f 398/424/963 289/426/964 436/427/965 368/161/966
f 216/429/967 59/428/968 173/425/969 139/164/970
f 439/279/971 440/283/972 345/89/973
f 219/281/974 116/92/975 220/284/976
f 279/90/977 345/89/978 440/283/979
f 49/94/980 220/284/981 116/92/982
f 273/109/983 272/386/984 312/430/985 311/110/986
f 82/431/987 42/387/988 43/112/989 81/114/990
f 196/432/991 6/185/992 282/187/993 249/243/994
f 52/188/995 6/185/996 196/432/997 4/246/998
f 376/138/999 274/317/1000 288/374/1001 292/143/1002
f 58/375/1003 44/318/1004 147/142/1005 62/144/1006
f 176/61/1007 397/63/1008 429/372/1009 200/371/1010
f 209/373/1011 172/64/1012 176/61/1013 200/371/1014
f 272/386/1015 269/384/1016 313/433/1017 312/430/1018
f 83/434/1019 39/385/1020 42/387/1021 82/431/1022
f 284/307/1023 445/302/1024 446/380/1025 277/337/1026
f 226/381/1027 225/306/1028 54/308/1029 47/340/1030
f 374/190/1031 255/189/1032 340/435/1033 391/437/1034
f 111/436/1035 25/192/1036 145/194/1037 164/438/1038
f 297/396/1039 296/405/1040 283/303/1041 335/325/1042
f 53/305/1043 66/406/1044 67/397/1045 106/326/1046
f 348/72/1047 347/257/1048 449/261/1049 450/119/1050
f 229/262/1051 118/259/1052 119/76/1053 230/120/1054
f 448/349/1055 455/410/1056 357/19/1057 265/21/1058
f 128/22/1059 235/412/1060 228/351/1061 35/23/1062
f 338/87/1063 337/84/1064 297/396/1065 300/53/1066
f 67/397/1067 108/86/1068 109/88/1069 70/56/1070
f 11/439/1071 152/85/1072 338/87/1073 339/315/1074
f 109/88/1075 152/85/1076 11/439/1077 110/316/1078
f 279/90/1079 440/283/1080 295/388/1081
f 49/94/1082 65/389/1083 220/284/1084
f 456/390/1085 295/388/1086 440/283/1087
f 236/391/1088 220/284/1089 65/389/1090
f 408/111/1091 416/14/1092 293/346/1093
f 184/113/1094 63/348/1095 192/18/1096
f 309/13/1097 293/346/1098 416/14/1099
f 79/16/1100 192/18/1101 63/348/1102
f 430/291/1103 359/173/1104 372/275/1105 356/271/1106
f 143/276/1107 130/174/1108 210/292/1109 127/274/1110
f 341/255/1111 346/350/1112 373/353/1113 266/378/1114
f 144/354/1115 117/352/1116 112/258/1117 36/379/1118
f 467/11/1119 389/151/1120 391/437/1121 250/12/1122
f 164/438/1123 162/152/1124 247/4/1125 8/6/1126
f 281/71/1127 353/355/1128 347/257/1129 348/72/1130
f 118/259/1131 124/356/1132 51/74/1133 119/76/1134
f 283/303/1135 296/405/1136 443/440/1137 444/301/1138
f 223/441/1139 66/406/1140 53/305/1141 224/304/1142
f 355/361/1143 20/358/1144 95/442/1145 371/443/1146
f 95/442/1147 20/358/1148 126/362/1149 142/444/1150
f 443/440/1151 296/405/1152 286/251/1153 442/263/1154
f 56/253/1155 66/406/1156 223/441/1157 222/264/1158
f 249/243/1159 420/245/1160 198/423/1161 196/432/1162
f 198/423/1163 197/247/1164 4/246/1165 196/432/1166
f 256/445/1167 360/319/1168 264/10/1169 250/12/1170
f 131/322/1171 26/446/1172 8/6/1173 34/5/1174
f 276/184/1175 275/359/1176 441/311/1177
f 46/186/1178 221/312/1179 45/360/1180
f 458/447/1181 441/311/1182 275/359/1183
f 238/448/1184 45/360/1185 221/312/1186
f 302/176/1187 301/339/1188 384/343/1189 369/25/1190
f 157/344/1191 71/341/1192 72/180/1193 140/26/1194
f 466/226/1195 418/225/1196 352/398/1197 413/449/1198
f 123/399/1199 194/228/1200 246/230/1201 189/450/1202
f 468/241/1203 467/11/1204 264/10/1205 360/319/1206
f 34/5/1207 247/4/1208 248/242/1209 131/322/1210
f 369/25/1211 390/20/1212 252/181/1213 302/176/1214
f 22/182/1215 163/24/1216 140/26/1217 72/180/1218
f 381/365/1219 375/195/1220 387/235/1221 386/239/1222
f 160/237/1223 146/196/1224 154/367/1225 159/240/1226
f 379/394/1227 380/294/1228 395/297/1229 396/313/1230
f 170/298/1231 151/296/1232 150/395/1233 171/314/1234
f 413/449/1235 352/398/1236 420/245/1237 400/249/1238
f 197/247/1239 123/399/1240 189/450/1241 175/250/1242
f 437/363/1243 427/218/1244 323/115/1245 411/116/1246
f 93/117/1247 207/219/1248 217/364/1249 187/118/1250
f 389/151/1251 388/146/1252 374/190/1253 391/437/1254
f 145/194/1255 161/150/1256 162/152/1257 164/438/1258
f 165/451/1259 394/369/1260 327/266/1261 3/452/1262
f 98/267/1263 168/370/1264 165/451/1265 3/452/1266
f 355/361/1267 371/443/1268 462/335/1269
f 126/362/1270 242/336/1271 142/444/1272
f 463/331/1273 462/335/1274 371/443/1275
f 243/333/1276 142/444/1277 242/336/1278
f 165/451/1279 1/28/1280 268/27/1281 394/369/1282
f 38/30/1283 1/28/1284 165/451/1285 168/370/1286
f 303/29/1287 12/32/1288 13/453/1289 269/384/1290
f 13/453/1291 12/32/1292 73/31/1293 39/385/1294
f 388/146/1295 387/235/1296 375/195/1297 374/190/1298
f 146/196/1299 160/237/1300 161/150/1301 145/194/1302
f 269/384/1303 13/453/1304 14/454/1305 313/433/1306
f 14/454/1307 13/453/1308 39/385/1309 83/434/1310
f 299/175/1311 294/327/1312 301/339/1313 302/176/1314
f 71/341/1315 64/328/1316 69/178/1317 72/180/1318
f 262/256/1319 341/255/1320 266/378/1321 447/323/1322
f 36/379/1323 112/258/1324 32/260/1325 227/324/1326
f 262/256/1327 447/323/1328 360/319/1329 256/445/1330
f 227/324/1331 32/260/1332 26/446/1333 131/322/1334
f 382/67/1335 381/365/1336 386/239/1337 385/68/1338
f 159/240/1339 154/367/1340 155/69/1341 158/70/1342
f 426/201/1343 281/71/1344 331/73/1345 267/217/1346
f 102/75/1347 51/74/1348 206/204/1349 37/220/1350
f 427/218/1351 424/168/1352 392/167/1353 323/115/1354
f 166/170/1355 204/172/1356 207/219/1357 93/117/1358
f 421/289/1359 430/291/1360 356/271/1361 438/299/1362
f 127/274/1363 210/292/1364 199/290/1365 218/300/1366
f 394/369/1367 392/167/1368 328/169/1369 327/266/1370
f 99/171/1371 166/170/1372 168/370/1373 98/267/1374
f 458/447/1375 439/279/1376 441/311/1377
f 238/448/1378 221/312/1379 219/281/1380
f 345/89/1381 441/311/1382 439/279/1383
f 116/92/1384 219/281/1385 221/312/1386
f 342/287/1387 383/7/1388 363/9/1389 464/455/1390
f 134/3/1391 156/2/1392 113/288/1393 244/456/1394
f 458/447/1395 462/335/1396 460/457/1397
f 238/448/1398 240/458/1399 242/336/1400
f 459/330/1401 460/457/1402 462/335/1403
f 239/334/1404 242/336/1405 240/458/1406
f 365/163/1407 435/123/1408 431/125/1409 395/297/1410
f 211/127/1411 215/126/1412 136/165/1413 170/298/1414
f 399/8/1415 415/154/1416 464/455/1417 363/9/1418
f 244/456/1419 191/156/1420 174/1/1421 134/3/1422
f 370/221/1423 263/97/1424 429/372/1425 397/63/1426
f 209/373/1427 33/100/1428 141/223/1429 172/64/1430
f 458/447/1431 275/359/1432 462/335/1433
f 238/448/1434 242/336/1435 45/360/1436
f 355/361/1437 462/335/1438 275/359/1439
f 126/362/1440 45/360/1441 242/336/1442
f 318/417/1443 317/414/1444 404/407/1445 403/419/1446
f 180/408/1447 87/415/1448 88/418/1449 179/421/1450
f 317/414/1451 316/215/1452 405/212/1453 404/407/1454
f 181/213/1455 86/216/1456 87/415/1457 180/408/1458
f 316/215/1459 315/132/1460 406/210/1461 405/212/1462
f 182/211/1463 85/135/1464 86/216/1465 181/213/1466
f 315/132/1467 314/131/1468 407/157/1469 406/210/1470
f 183/158/1471 84/134/1472 85/135/1473 182/211/1474
f 422/207/1475 419/99/1476 407/157/1477 314/131/1478
f 183/158/1479 195/101/1480 202/209/1481 84/134/1482
f 324/409/1483 367/382/1484 402/459/1485 362/461/1486
f 178/460/1487 138/383/1488 94/411/1489 133/462/1490
f 409/105/1491 408/111/1492 307/139/1493
f 185/106/1494 77/141/1495 184/113/1496
f 293/346/1497 307/139/1498 408/111/1499
f 63/348/1500 184/113/1501 77/141/1502
f 410/107/1503 409/105/1504 307/139/1505 292/143/1506
f 77/141/1507 185/106/1508 186/108/1509 62/144/1510
f 288/374/1511 411/116/1512 410/107/1513 292/143/1514
f 186/108/1515 187/118/1516 58/375/1517 62/144/1518
f 433/124/1519 437/363/1520 411/116/1521 288/374/1522
f 187/118/1523 217/364/1524 213/128/1525 58/375/1526
f 373/353/1527 265/21/1528 369/25/1529 384/343/1530
f 140/26/1531 35/23/1532 144/354/1533 157/344/1534
f 458/447/1535 460/457/1536 439/279/1537
f 238/448/1538 219/281/1539 240/458/1540
f 310/277/1541 439/279/1542 460/457/1543
f 80/280/1544 240/458/1545 219/281/1546
f 367/382/1547 353/355/1548 377/401/1549 402/459/1550
f 148/402/1551 124/356/1552 138/383/1553 178/460/1554
f 276/184/1555 5/183/1556 2/357/1557 275/359/1558
f 2/357/1559 5/183/1560 46/186/1561 45/360/1562
f 422/207/1563 429/372/1564 263/97/1565 419/99/1566
f 33/100/1567 209/373/1568 202/209/1569 195/101/1570
f 295/388/1571 328/169/1572 359/173/1573 332/392/1574
f 130/174/1575 99/171/1576 65/389/1577 103/393/1578
f 417/162/1579 368/161/1580 436/427/1581 434/463/1582
f 216/429/1583 139/164/1584 193/166/1585 214/464/1586
f 456/390/1587 440/283/1588 290/465/1589
f 236/391/1590 60/466/1591 220/284/1592
f 393/278/1593 290/465/1594 440/283/1595
f 167/282/1596 220/284/1597 60/466/1598
f 329/269/1599 463/331/1600 327/266/1601
f 100/270/1602 98/267/1603 243/333/1604
f 371/443/1605 327/266/1606 463/331/1607
f 142/444/1608 243/333/1609 98/267/1610
f 3/452/1611 327/266/1612 371/443/1613 95/442/1614
f 142/444/1615 98/267/1616 3/452/1617 95/442/1618
f 461/265/1619 456/390/1620 306/467/1621
f 241/268/1622 76/468/1623 236/391/1624
f 290/465/1625 306/467/1626 456/390/1627
f 60/466/1628 236/391/1629 76/468/1630
f 450/119/1631 449/261/1632 340/435/1633 255/189/1634
f 111/436/1635 229/262/1636 230/120/1637 25/192/1638
f 451/121/1639 450/119/1640 255/189/1641 254/191/1642
f 25/192/1643 230/120/1644 231/122/1645 24/193/1646
f 452/34/1647 451/121/1648 254/191/1649 253/366/1650
f 24/193/1651 231/122/1652 232/38/1653 23/368/1654
f 453/39/1655 452/34/1656 253/366/1657 257/285/1658
f 23/368/1659 232/38/1660 233/40/1661 27/286/1662
f 453/39/1663 257/285/1664 342/287/1665 454/51/1666
f 113/288/1667 27/286/1668 233/40/1669 234/52/1670
f 415/154/1671 414/227/1672 465/231/1673 464/455/1674
f 245/232/1675 190/229/1676 191/156/1677 244/456/1678
f 287/153/1679 442/263/1680 414/227/1681 415/154/1682
f 190/229/1683 222/264/1684 57/155/1685 191/156/1686
f 443/440/1687 442/263/1688 287/153/1689 259/234/1690
f 57/155/1691 222/264/1692 223/441/1693 29/238/1694
f 444/301/1695 443/440/1696 259/234/1697 258/233/1698
f 29/238/1699 223/441/1700 224/304/1701 28/236/1702
f 260/145/1703 445/302/1704 444/301/1705 258/233/1706
f 224/304/1707 225/306/1708 30/148/1709 28/236/1710
f 445/302/1711 260/145/1712 261/147/1713 446/380/1714
f 31/149/1715 30/148/1716 225/306/1717 226/381/1718
f 446/380/1719 261/147/1720 468/241/1721 343/320/1722
f 248/242/1723 31/149/1724 226/381/1725 114/321/1726
f 251/329/1727 310/277/1728 459/330/1729
f 21/332/1730 239/334/1731 80/280/1732
f 460/457/1733 459/330/1734 310/277/1735
f 240/458/1736 80/280/1737 239/334/1738
f 291/376/1739 306/467/1740 393/278/1741
f 61/377/1742 167/282/1743 76/468/1744
f 290/465/1745 393/278/1746 306/467/1747
f 60/466/1748 76/468/1749 167/282/1750
f 461/265/1751 306/467/1752 329/269/1753
f 241/268/1754 100/270/1755 76/468/1756
f 291/376/1757 329/269/1758 306/467/1759
f 61/377/1760 76/468/1761 100/270/1762
f 402/459/1763 377/401/1764 434/463/1765 436/427/1766
f 214/464/1767 148/402/1768 178/460/1769 216/429/1770
f 251/329/1771 291/376/1772 310/277/1773
f 21/332/1774 80/280/1775 61/377/1776
f 393/278/1777 310/277/1778 291/376/1779
f 167/282/1780 61/377/1781 80/280/1782
f 377/401/1783 412/202/1784 417/162/1785 434/463/1786
f 193/166/1787 188/203/1788 148/402/1789 214/464/1790
f 454/51/1791 342/287/1792 464/455/1793 465/231/1794
f 244/456/1795 113/288/1796 234/52/1797 245/232/1798
f 358/45/1799 454/51/1800 465/231/1801 466/226/1802
f 245/232/1803 234/52/1804 129/47/1805 246/230/1806
f 466/226/1807 413/449/1808 344/46/1809 358/45/1810
f 115/48/1811 189/450/1812 246/230/1813 129/47/1814
f 400/249/1815 438/299/1816 344/46/1817 413/449/1818
f 115/48/1819 218/300/1820 175/250/1821 189/450/1822
f 364/309/1823 441/311/1824 361/91/1825
f 135/310/1826 132/93/1827 221/312/1828
f 345/89/1829 361/91/1830 441/311/1831
f 116/92/1832 221/312/1833 132/93/1834
f 400/249/1835 457/244/1836 421/289/1837 438/299/1838
f 199/290/1839 237/248/1840 175/250/1841 218/300/1842
f 421/289/1843 457/244/1844 364/309/1845 361/91/1846
f 135/310/1847 237/248/1848 199/290/1849 132/93/1850
f 289/426/1851 362/461/1852 402/459/1853 436/427/1854
f 178/460/1855 133/462/1856 59/428/1857 216/429/1858
f 384/343/1859 354/338/1860 266/378/1861 373/353/1862
f 36/379/1863 125/342/1864 157/344/1865 144/354/1866
f 340/435/1867 256/445/1868 250/12/1869 391/437/1870
f 8/6/1871 26/446/1872 111/436/1873 164/438/1874
f 449/261/1875 262/256/1876 256/445/1877 340/435/1878
f 26/446/1879 32/260/1880 229/262/1881 111/436/1882
f 14/454/1883 15/416/1884 318/417/1885 313/433/1886
f 88/418/1887 15/416/1888 14/454/1889 83/434/1890
f 313/433/1891 318/417/1892 403/419/1893 312/430/1894
f 179/421/1895 88/418/1896 83/434/1897 82/431/1898
f 312/430/1899 403/419/1900 319/420/1901 311/110/1902
f 89/422/1903 179/421/1904 82/431/1905 81/114/1906
f 311/110/1907 319/420/1908 325/15/1909 416/14/1910
f 96/17/1911 89/422/1912 81/114/1913 192/18/1914
